timeStamp,elapsed,label,responseCode,responseMessage,threadName,dataType,success,bytes,grpThreads,allThreads,Latency
1481043095900,62,HTTP Request,200,OK,Thread Group 1-1,text,true,144,1,1,62
1481043096767,1,HTTP Request,200,OK,Thread Group 1-1,text,true,144,1,1,1
1481043097767,5,HTTP Request,200,OK,Thread Group 1-1,text,true,144,1,1,5
1481043098767,5,HTTP Request,200,OK,Thread Group 1-1,text,true,144,1,1,5
1481043099767,3,HTTP Request,200,OK,Thread Group 1-1,text,true,144,1,1,3
1481043100767,4,HTTP Request,200,OK,Thread Group 1-1,text,true,144,1,1,4
1481043101766,5,HTTP Request,200,OK,Thread Group 1-1,text,true,144,1,1,4
1481043102767,3,HTTP Request,200,OK,Thread Group 1-1,text,true,144,1,1,3
1481043103767,4,HTTP Request,200,OK,Thread Group 1-1,text,true,144,1,1,3
1481043104767,5,HTTP Request,200,OK,Thread Group 1-1,text,true,144,1,1,4
1481043105767,4,HTTP Request,200,OK,Thread Group 1-1,text,true,144,1,1,4
1481043106766,4,HTTP Request,200,OK,Thread Group 1-1,text,true,144,1,1,4
1481043107766,7,HTTP Request,200,OK,Thread Group 1-1,text,true,144,1,1,7
1481043108766,5,HTTP Request,200,OK,Thread Group 1-1,text,true,144,1,1,5
1481043109766,2,HTTP Request,200,OK,Thread Group 1-1,text,true,144,1,1,2
1481043110766,6,HTTP Request,200,OK,Thread Group 1-1,text,true,144,1,1,6
1481043111766,4,HTTP Request,200,OK,Thread Group 1-1,text,true,144,1,1,4
1481043112766,5,HTTP Request,200,OK,Thread Group 1-1,text,true,144,1,1,5
1481043113766,4,HTTP Request,200,OK,Thread Group 1-1,text,true,144,1,1,4
1481043114766,4,HTTP Request,200,OK,Thread Group 1-1,text,true,144,1,1,4
1481043115766,4,HTTP Request,200,OK,Thread Group 1-1,text,true,144,1,1,4
1481043116767,5,HTTP Request,200,OK,Thread Group 1-1,text,true,144,1,1,5
1481043117767,4,HTTP Request,200,OK,Thread Group 1-1,text,true,144,1,1,4
1481043118767,4,HTTP Request,200,OK,Thread Group 1-1,text,true,144,1,1,4
1481043119767,4,HTTP Request,200,OK,Thread Group 1-1,text,true,144,1,1,4
1481043120767,5,HTTP Request,200,OK,Thread Group 1-1,text,true,144,1,1,5
1481043121766,2,HTTP Request,200,OK,Thread Group 1-1,text,true,144,1,1,2
1481043122767,2,HTTP Request,200,OK,Thread Group 1-1,text,true,144,1,1,2
1481043123767,5,HTTP Request,200,OK,Thread Group 1-1,text,true,144,1,1,5
1481043124767,5,HTTP Request,200,OK,Thread Group 1-1,text,true,144,1,1,4
1481043125767,3,HTTP Request,200,OK,Thread Group 1-1,text,true,144,1,1,3
1481043126767,4,HTTP Request,200,OK,Thread Group 1-1,text,true,144,1,1,4
1481043127767,4,HTTP Request,200,OK,Thread Group 1-1,text,true,144,1,1,4
1481043128767,4,HTTP Request,200,OK,Thread Group 1-1,text,true,144,1,1,3
1481043129767,4,HTTP Request,200,OK,Thread Group 1-1,text,true,144,1,1,4
1481043130767,4,HTTP Request,200,OK,Thread Group 1-1,text,true,144,1,1,4
1481043131767,4,HTTP Request,200,OK,Thread Group 1-1,text,true,144,1,1,4
1481043132767,4,HTTP Request,200,OK,Thread Group 1-1,text,true,144,1,1,4
1481043133767,4,HTTP Request,200,OK,Thread Group 1-1,text,true,144,1,1,4
1481043134767,4,HTTP Request,200,OK,Thread Group 1-1,text,true,144,1,1,4
1481043135767,4,HTTP Request,200,OK,Thread Group 1-1,text,true,144,1,1,4
1481043136766,4,HTTP Request,200,OK,Thread Group 1-1,text,true,144,1,1,4
1481043137766,4,HTTP Request,200,OK,Thread Group 1-1,text,true,144,1,1,4
1481043138766,4,HTTP Request,200,OK,Thread Group 1-1,text,true,144,1,1,4
1481043139766,4,HTTP Request,200,OK,Thread Group 1-1,text,true,144,1,1,4
1481043140766,4,HTTP Request,200,OK,Thread Group 1-1,text,true,144,1,1,4
1481043141766,4,HTTP Request,200,OK,Thread Group 1-1,text,true,144,1,1,4
1481043142766,5,HTTP Request,200,OK,Thread Group 1-1,text,true,144,1,1,4
1481043143766,4,HTTP Request,200,OK,Thread Group 1-1,text,true,144,1,1,4
1481043144766,4,HTTP Request,200,OK,Thread Group 1-1,text,true,144,1,1,4
1481043145765,4,HTTP Request,200,OK,Thread Group 1-1,text,true,144,1,1,4
1481043146767,4,HTTP Request,200,OK,Thread Group 1-1,text,true,144,1,1,4
1481043147767,3,HTTP Request,200,OK,Thread Group 1-1,text,true,144,1,1,3
1481043148767,4,HTTP Request,200,OK,Thread Group 1-1,text,true,144,1,1,4
1481043149767,4,HTTP Request,200,OK,Thread Group 1-1,text,true,144,1,1,4
1481043150767,4,HTTP Request,200,OK,Thread Group 1-1,text,true,144,1,1,4
1481043151767,4,HTTP Request,200,OK,Thread Group 1-1,text,true,144,1,1,4
1481043152767,4,HTTP Request,200,OK,Thread Group 1-1,text,true,144,1,1,4
1481043153767,3,HTTP Request,200,OK,Thread Group 1-1,text,true,144,1,1,3
1481043154766,3,HTTP Request,200,OK,Thread Group 1-1,text,true,144,1,1,3
1481043155766,2,HTTP Request,200,OK,Thread Group 1-1,text,true,144,1,1,2
1481043156767,4,HTTP Request,200,OK,Thread Group 1-1,text,true,366,1,1,4
1481043157767,4,HTTP Request,200,OK,Thread Group 1-1,text,true,570,1,1,4
1481043158767,5,HTTP Request,200,OK,Thread Group 1-1,text,true,763,1,1,5
1481043159767,2,HTTP Request,200,OK,Thread Group 1-1,text,true,764,1,1,2
1481043160766,2,HTTP Request,200,OK,Thread Group 1-1,text,true,765,1,1,1
1481043161767,4,HTTP Request,200,OK,Thread Group 1-1,text,true,765,1,1,4
1481043162767,4,HTTP Request,200,OK,Thread Group 1-1,text,true,765,1,1,4
1481043163767,7,HTTP Request,200,OK,Thread Group 1-1,text,true,766,1,1,7
1481043164767,4,HTTP Request,200,OK,Thread Group 1-1,text,true,766,1,1,4
1481043165767,4,HTTP Request,200,OK,Thread Group 1-1,text,true,766,1,1,4
1481043166766,5,HTTP Request,200,OK,Thread Group 1-1,text,true,766,1,1,5
1481043167766,3,HTTP Request,200,OK,Thread Group 1-1,text,true,766,1,1,3
1481043168765,4,HTTP Request,200,OK,Thread Group 1-1,text,true,766,1,1,4
1481043169766,5,HTTP Request,200,OK,Thread Group 1-1,text,true,766,1,1,5
1481043170766,4,HTTP Request,200,OK,Thread Group 1-1,text,true,766,1,1,4
1481043171766,5,HTTP Request,200,OK,Thread Group 1-1,text,true,766,1,1,5
1481043172766,7,HTTP Request,200,OK,Thread Group 1-1,text,true,766,1,1,7
1481043173765,5,HTTP Request,200,OK,Thread Group 1-1,text,true,766,1,1,5
1481043174766,4,HTTP Request,200,OK,Thread Group 1-1,text,true,766,1,1,4
1481043175766,4,HTTP Request,200,OK,Thread Group 1-1,text,true,766,1,1,4
1481043176767,4,HTTP Request,200,OK,Thread Group 1-1,text,true,766,1,1,4
1481043177767,4,HTTP Request,200,OK,Thread Group 1-1,text,true,957,1,1,3
1481043178767,5,HTTP Request,200,OK,Thread Group 1-1,text,true,957,1,1,5
1481043179767,4,HTTP Request,200,OK,Thread Group 1-1,text,true,957,1,1,4
1481043180768,4,HTTP Request,200,OK,Thread Group 1-1,text,true,958,1,1,4
1481043181767,5,HTTP Request,200,OK,Thread Group 1-1,text,true,958,1,1,5
1481043182767,5,HTTP Request,200,OK,Thread Group 1-1,text,true,958,1,1,5
1481043183767,5,HTTP Request,200,OK,Thread Group 1-1,text,true,958,1,1,5
1481043184767,5,HTTP Request,200,OK,Thread Group 1-1,text,true,958,1,1,5
1481043185766,5,HTTP Request,200,OK,Thread Group 1-1,text,true,958,1,1,5
1481043186767,4,HTTP Request,200,OK,Thread Group 1-1,text,true,958,1,1,4
1481043187767,4,HTTP Request,200,OK,Thread Group 1-1,text,true,958,1,1,4
1481043188767,5,HTTP Request,200,OK,Thread Group 1-1,text,true,1377,1,1,5
1481043189767,5,HTTP Request,200,OK,Thread Group 1-1,text,true,1377,1,1,5
1481043190767,5,HTTP Request,200,OK,Thread Group 1-1,text,true,1377,1,1,5
1481043191766,2,HTTP Request,200,OK,Thread Group 1-1,text,true,1378,1,1,2
1481043192766,14,HTTP Request,200,OK,Thread Group 1-1,text,true,1378,1,1,14
1481043193766,5,HTTP Request,200,OK,Thread Group 1-1,text,true,1378,1,1,4
1481043194766,5,HTTP Request,200,OK,Thread Group 1-1,text,true,1379,1,1,5
1481043195765,5,HTTP Request,200,OK,Thread Group 1-1,text,true,1379,1,1,5
1481043196766,5,HTTP Request,200,OK,Thread Group 1-1,text,true,1379,1,1,5
1481043197766,11,HTTP Request,200,OK,Thread Group 1-1,text,true,1379,1,1,11
1481043198766,5,HTTP Request,200,OK,Thread Group 1-1,text,true,1379,1,1,5
1481043199766,5,HTTP Request,200,OK,Thread Group 1-1,text,true,1379,1,1,5
1481043200766,4,HTTP Request,200,OK,Thread Group 1-1,text,true,1379,1,1,4
1481043201767,5,HTTP Request,200,OK,Thread Group 1-1,text,true,1379,1,1,5
1481043202767,39,HTTP Request,200,OK,Thread Group 1-1,text,true,1379,1,1,39
1481043203767,4,HTTP Request,200,OK,Thread Group 1-1,text,true,1379,1,1,4
1481043204767,5,HTTP Request,200,OK,Thread Group 1-1,text,true,1774,1,1,5
1481043205767,64,HTTP Request,200,OK,Thread Group 1-1,text,true,1774,1,1,64
1481043206767,11,HTTP Request,200,OK,Thread Group 1-1,text,true,1974,1,1,11
1481043207766,167,HTTP Request,200,OK,Thread Group 1-1,text,true,1975,1,1,167
1481043208766,5,HTTP Request,200,OK,Thread Group 1-1,text,true,1975,1,1,5
1481043209766,5,HTTP Request,200,OK,Thread Group 1-1,text,true,1975,1,1,5
1481043210767,5,HTTP Request,200,OK,Thread Group 1-1,text,true,1975,1,1,5
1481043211767,4,HTTP Request,200,OK,Thread Group 1-1,text,true,1975,1,1,4
1481043212767,5,HTTP Request,200,OK,Thread Group 1-1,text,true,1975,1,1,5
1481043213767,5,HTTP Request,200,OK,Thread Group 1-1,text,true,1975,1,1,5
1481043214767,6,HTTP Request,200,OK,Thread Group 1-1,text,true,1975,1,1,6
1481043215767,5,HTTP Request,200,OK,Thread Group 1-1,text,true,1975,1,1,5
1481043216767,5,HTTP Request,200,OK,Thread Group 1-1,text,true,1975,1,1,5
1481043217767,6,HTTP Request,200,OK,Thread Group 1-1,text,true,2238,1,1,6
1481043218766,6,HTTP Request,200,OK,Thread Group 1-1,text,true,2238,1,1,6
1481043219767,4,HTTP Request,200,OK,Thread Group 1-1,text,true,2238,1,1,4
1481043220767,5,HTTP Request,200,OK,Thread Group 1-1,text,true,2239,1,1,5
1481043221766,5,HTTP Request,200,OK,Thread Group 1-1,text,true,2239,1,1,5
1481043222766,6,HTTP Request,200,OK,Thread Group 1-1,text,true,2239,1,1,6
1481043223766,6,HTTP Request,200,OK,Thread Group 1-1,text,true,2239,1,1,5
1481043224766,5,HTTP Request,200,OK,Thread Group 1-1,text,true,2239,1,1,5
1481043225766,5,HTTP Request,200,OK,Thread Group 1-1,text,true,2239,1,1,5
1481043226766,4,HTTP Request,200,OK,Thread Group 1-1,text,true,2239,1,1,4
1481043227766,3,HTTP Request,200,OK,Thread Group 1-1,text,true,2440,1,1,3
1481043228766,5,HTTP Request,200,OK,Thread Group 1-1,text,true,2440,1,1,5
1481043229766,7,HTTP Request,200,OK,Thread Group 1-1,text,true,2440,1,1,7
1481043230766,5,HTTP Request,200,OK,Thread Group 1-1,text,true,2640,1,1,5
1481043231766,5,HTTP Request,200,OK,Thread Group 1-1,text,true,2971,1,1,5
1481043232767,5,HTTP Request,200,OK,Thread Group 1-1,text,true,2971,1,1,5
1481043233766,76,HTTP Request,200,OK,Thread Group 1-1,text,true,2973,1,1,76
1481043234766,6,HTTP Request,200,OK,Thread Group 1-1,text,true,2973,1,1,6
1481043235767,5,HTTP Request,200,OK,Thread Group 1-1,text,true,2973,1,1,5
1481043236766,68,HTTP Request,200,OK,Thread Group 1-1,text,true,2973,1,1,68
1481043237767,5,HTTP Request,200,OK,Thread Group 1-1,text,true,2973,1,1,5
1481043238767,2,HTTP Request,200,OK,Thread Group 1-1,text,true,2973,1,1,1
1481043239767,5,HTTP Request,200,OK,Thread Group 1-1,text,true,2973,1,1,5
1481043240766,294,HTTP Request,200,OK,Thread Group 1-1,text,true,9595,1,1,294
1481043241767,541,HTTP Request,200,OK,Thread Group 1-1,text,true,9812,1,1,541
1481043242767,78,HTTP Request,200,OK,Thread Group 1-1,text,true,9823,1,1,78
1481043243767,7,HTTP Request,200,OK,Thread Group 1-1,text,true,12066,1,1,7
1481043244767,11,HTTP Request,200,OK,Thread Group 1-1,text,true,12066,1,1,11
1481043245767,7,HTTP Request,200,OK,Thread Group 1-1,text,true,12066,1,1,7
1481043246767,9,HTTP Request,200,OK,Thread Group 1-1,text,true,12074,1,1,9
1481043247767,149,HTTP Request,200,OK,Thread Group 1-1,text,true,12074,1,1,149
1481043248767,7,HTTP Request,200,OK,Thread Group 1-1,text,true,12074,1,1,7
1481043249767,14,HTTP Request,200,OK,Thread Group 1-1,text,true,12075,1,1,14
1481043250767,10,HTTP Request,200,OK,Thread Group 1-1,text,true,14340,1,1,10
1481043251767,13,HTTP Request,200,OK,Thread Group 1-1,text,true,14340,1,1,13
1481043252766,289,HTTP Request,200,OK,Thread Group 1-1,text,true,14346,1,1,289
1481043253766,188,HTTP Request,200,OK,Thread Group 1-1,text,true,14346,1,1,187
1481043254767,9,HTTP Request,200,OK,Thread Group 1-1,text,true,14346,1,1,9
1481043255766,14,HTTP Request,200,OK,Thread Group 1-1,text,true,16776,1,1,14
1481043256765,16,HTTP Request,200,OK,Thread Group 1-1,text,true,17114,1,1,16
1481043257765,113,HTTP Request,200,OK,Thread Group 1-1,text,true,17118,1,1,113
1481043258765,78,HTTP Request,200,OK,Thread Group 1-1,text,true,17119,1,1,78
1481043259766,12,HTTP Request,200,OK,Thread Group 1-1,text,true,17119,1,1,12
1481043260766,46,HTTP Request,200,OK,Thread Group 1-1,text,true,17119,1,1,46
1481043261766,15,HTTP Request,200,OK,Thread Group 1-1,text,true,17120,1,1,15
1481043262766,5,HTTP Request,200,OK,Thread Group 1-1,text,true,17120,1,1,5
1481043263766,14,HTTP Request,200,OK,Thread Group 1-1,text,true,17120,1,1,14
1481043264766,14,HTTP Request,200,OK,Thread Group 1-1,text,true,17120,1,1,14
1481043265766,10,HTTP Request,200,OK,Thread Group 1-1,text,true,18490,1,1,10
1481043266767,12,HTTP Request,200,OK,Thread Group 1-1,text,true,18490,1,1,12
1481043267767,13,HTTP Request,200,OK,Thread Group 1-1,text,true,18492,1,1,13
1481043268766,16,HTTP Request,200,OK,Thread Group 1-1,text,true,18493,1,1,16
1481043269767,16,HTTP Request,200,OK,Thread Group 1-1,text,true,18877,1,1,15
1481043270767,9,HTTP Request,200,OK,Thread Group 1-1,text,true,18877,1,1,9
1481043271767,38,HTTP Request,200,OK,Thread Group 1-1,text,true,18878,1,1,38
1481043272767,16,HTTP Request,200,OK,Thread Group 1-1,text,true,18878,1,1,16
1481043273768,15,HTTP Request,200,OK,Thread Group 1-1,text,true,18878,1,1,14
1481043274767,16,HTTP Request,200,OK,Thread Group 1-1,text,true,18878,1,1,16
1481043275767,15,HTTP Request,200,OK,Thread Group 1-1,text,true,19284,1,1,15
1481043276767,17,HTTP Request,200,OK,Thread Group 1-1,text,true,19284,1,1,17
1481043277767,13,HTTP Request,200,OK,Thread Group 1-1,text,true,19285,1,1,12
1481043278767,16,HTTP Request,200,OK,Thread Group 1-1,text,true,19285,1,1,16
1481043279767,16,HTTP Request,200,OK,Thread Group 1-1,text,true,19285,1,1,16
1481043280766,18,HTTP Request,200,OK,Thread Group 1-1,text,true,19478,1,1,18
1481043281766,14,HTTP Request,200,OK,Thread Group 1-1,text,true,19478,1,1,14
1481043282767,67,HTTP Request,200,OK,Thread Group 1-1,text,true,19479,1,1,67
1481043283767,15,HTTP Request,200,OK,Thread Group 1-1,text,true,19479,1,1,15
1481043284767,112,HTTP Request,200,OK,Thread Group 1-1,text,true,19479,1,1,112
1481043285767,5,HTTP Request,200,OK,Thread Group 1-1,text,true,19679,1,1,5
1481043286765,5,HTTP Request,200,OK,Thread Group 1-1,text,true,19680,1,1,5
1481043287766,4,HTTP Request,200,OK,Thread Group 1-1,text,true,19884,1,1,4
1481043288766,4,HTTP Request,200,OK,Thread Group 1-1,text,true,20084,1,1,4
1481043289765,6,HTTP Request,200,OK,Thread Group 1-1,text,true,21095,1,1,6
1481043290766,4,HTTP Request,200,OK,Thread Group 1-1,text,true,21095,1,1,4
1481043291766,9,HTTP Request,200,OK,Thread Group 1-1,text,true,21097,1,1,9
1481043292765,7,HTTP Request,200,OK,Thread Group 1-1,text,true,21097,1,1,7
1481043293766,19,HTTP Request,200,OK,Thread Group 1-1,text,true,21097,1,1,19
1481043294766,16,HTTP Request,200,OK,Thread Group 1-1,text,true,21097,1,1,16
1481043295766,16,HTTP Request,200,OK,Thread Group 1-1,text,true,21340,1,1,16
1481043296766,17,HTTP Request,200,OK,Thread Group 1-1,text,true,21340,1,1,17
1481043297766,87,HTTP Request,200,OK,Thread Group 1-1,text,true,21341,1,1,86
1481043298766,19,HTTP Request,200,OK,Thread Group 1-1,text,true,21341,1,1,18
1481043299774,21,HTTP Request,200,OK,Thread Group 1-1,text,true,21571,1,1,21
1481043300766,18,HTTP Request,200,OK,Thread Group 1-1,text,true,21571,1,1,18
1481043301767,13,HTTP Request,200,OK,Thread Group 1-1,text,true,21572,1,1,13
1481043302767,15,HTTP Request,200,OK,Thread Group 1-1,text,true,21572,1,1,15
1481043303767,19,HTTP Request,200,OK,Thread Group 1-1,text,true,21572,1,1,19
1481043304767,18,HTTP Request,200,OK,Thread Group 1-1,text,true,22200,1,1,18
1481043305767,17,HTTP Request,200,OK,Thread Group 1-1,text,true,22200,1,1,17
1481043306767,16,HTTP Request,200,OK,Thread Group 1-1,text,true,22201,1,1,16
1481043307767,13,HTTP Request,200,OK,Thread Group 1-1,text,true,22201,1,1,13
1481043308767,18,HTTP Request,200,OK,Thread Group 1-1,text,true,22201,1,1,18
1481043309767,18,HTTP Request,200,OK,Thread Group 1-1,text,true,22201,1,1,18
1481043310767,18,HTTP Request,200,OK,Thread Group 1-1,text,true,22201,1,1,18
1481043311767,20,HTTP Request,200,OK,Thread Group 1-1,text,true,22201,1,1,20
1481043312767,16,HTTP Request,200,OK,Thread Group 1-1,text,true,22201,1,1,16
1481043313767,16,HTTP Request,200,OK,Thread Group 1-1,text,true,22201,1,1,16
1481043314767,16,HTTP Request,200,OK,Thread Group 1-1,text,true,22201,1,1,16
1481043315767,17,HTTP Request,200,OK,Thread Group 1-1,text,true,22201,1,1,17
1481043316765,18,HTTP Request,200,OK,Thread Group 1-1,text,true,22201,1,1,18
1481043317766,15,HTTP Request,200,OK,Thread Group 1-1,text,true,22201,1,1,15
1481043318765,18,HTTP Request,200,OK,Thread Group 1-1,text,true,22201,1,1,18
1481043319765,19,HTTP Request,200,OK,Thread Group 1-1,text,true,22201,1,1,19
1481043320766,16,HTTP Request,200,OK,Thread Group 1-1,text,true,22201,1,1,15
1481043321766,13,HTTP Request,200,OK,Thread Group 1-1,text,true,22201,1,1,13
1481043322766,6,HTTP Request,200,OK,Thread Group 1-1,text,true,22201,1,1,6
1481043323766,18,HTTP Request,200,OK,Thread Group 1-1,text,true,22201,1,1,18
1481043324766,19,HTTP Request,200,OK,Thread Group 1-1,text,true,22201,1,1,18
1481043325766,19,HTTP Request,200,OK,Thread Group 1-1,text,true,22201,1,1,19
1481043326766,18,HTTP Request,200,OK,Thread Group 1-1,text,true,22201,1,1,18
1481043327766,16,HTTP Request,200,OK,Thread Group 1-1,text,true,22201,1,1,16
1481043328766,19,HTTP Request,200,OK,Thread Group 1-1,text,true,22201,1,1,19
1481043329766,16,HTTP Request,200,OK,Thread Group 1-1,text,true,22404,1,1,16
1481043330766,19,HTTP Request,200,OK,Thread Group 1-1,text,true,22819,1,1,19
1481043331767,269,HTTP Request,200,OK,Thread Group 1-1,text,true,23032,1,1,269
1481043332767,148,HTTP Request,200,OK,Thread Group 1-1,text,true,23034,1,1,148
1481043333767,18,HTTP Request,200,OK,Thread Group 1-1,text,true,23225,1,1,18
1481043334766,8,HTTP Request,200,OK,Thread Group 1-1,text,true,23225,1,1,8
1481043335767,10,HTTP Request,200,OK,Thread Group 1-1,text,true,23225,1,1,10
1481043336767,22,HTTP Request,200,OK,Thread Group 1-1,text,true,23424,1,1,22
1481043337767,14,HTTP Request,200,OK,Thread Group 1-1,text,true,23424,1,1,14
1481043338767,23,HTTP Request,200,OK,Thread Group 1-1,text,true,23424,1,1,23
1481043339767,18,HTTP Request,200,OK,Thread Group 1-1,text,true,23425,1,1,18
1481043340767,13,HTTP Request,200,OK,Thread Group 1-1,text,true,23425,1,1,13
1481043341766,188,HTTP Request,200,OK,Thread Group 1-1,text,true,23425,1,1,188
1481043342767,16,HTTP Request,200,OK,Thread Group 1-1,text,true,23425,1,1,15
1481043343766,15,HTTP Request,200,OK,Thread Group 1-1,text,true,23425,1,1,15
1481043344767,18,HTTP Request,200,OK,Thread Group 1-1,text,true,23425,1,1,18
1481043345767,10,HTTP Request,200,OK,Thread Group 1-1,text,true,23425,1,1,10
1481043346767,181,HTTP Request,200,OK,Thread Group 1-1,text,true,23425,1,1,181
1481043347767,8,HTTP Request,200,OK,Thread Group 1-1,text,true,23425,1,1,8
1481043348767,18,HTTP Request,200,OK,Thread Group 1-1,text,true,23425,1,1,18
1481043349768,19,HTTP Request,200,OK,Thread Group 1-1,text,true,23425,1,1,19
1481043350767,18,HTTP Request,200,OK,Thread Group 1-1,text,true,23425,1,1,18
1481043351766,18,HTTP Request,200,OK,Thread Group 1-1,text,true,23425,1,1,18
1481043352766,21,HTTP Request,200,OK,Thread Group 1-1,text,true,23425,1,1,21
1481043353766,17,HTTP Request,200,OK,Thread Group 1-1,text,true,23425,1,1,17
1481043354765,8,HTTP Request,200,OK,Thread Group 1-1,text,true,23425,1,1,8
1481043355765,19,HTTP Request,200,OK,Thread Group 1-1,text,true,23425,1,1,19
1481043356765,15,HTTP Request,200,OK,Thread Group 1-1,text,true,23425,1,1,15
1481043357766,20,HTTP Request,200,OK,Thread Group 1-1,text,true,23425,1,1,20
1481043358766,19,HTTP Request,200,OK,Thread Group 1-1,text,true,23425,1,1,19
1481043359766,19,HTTP Request,200,OK,Thread Group 1-1,text,true,23425,1,1,19
1481043360766,19,HTTP Request,200,OK,Thread Group 1-1,text,true,23425,1,1,18
1481043361767,19,HTTP Request,200,OK,Thread Group 1-1,text,true,23425,1,1,18
1481043362767,16,HTTP Request,200,OK,Thread Group 1-1,text,true,23425,1,1,16
1481043363767,18,HTTP Request,200,OK,Thread Group 1-1,text,true,23425,1,1,18
1481043364767,19,HTTP Request,200,OK,Thread Group 1-1,text,true,24117,1,1,19
1481043365766,17,HTTP Request,200,OK,Thread Group 1-1,text,true,24117,1,1,17
1481043366767,5,HTTP Request,200,OK,Thread Group 1-1,text,true,24119,1,1,5
1481043367766,123,HTTP Request,200,OK,Thread Group 1-1,text,true,24119,1,1,123
1481043368767,19,HTTP Request,200,OK,Thread Group 1-1,text,true,24119,1,1,19
1481043369766,17,HTTP Request,200,OK,Thread Group 1-1,text,true,24472,1,1,17
1481043370766,9,HTTP Request,200,OK,Thread Group 1-1,text,true,26107,1,1,9
1481043371767,25,HTTP Request,200,OK,Thread Group 1-1,text,true,26107,1,1,24
1481043372767,8,HTTP Request,200,OK,Thread Group 1-1,text,true,26109,1,1,8
1481043373767,13,HTTP Request,200,OK,Thread Group 1-1,text,true,26109,1,1,13
1481043374767,23,HTTP Request,200,OK,Thread Group 1-1,text,true,26109,1,1,23
1481043375767,22,HTTP Request,200,OK,Thread Group 1-1,text,true,26109,1,1,22
1481043376767,21,HTTP Request,200,OK,Thread Group 1-1,text,true,26111,1,1,21
1481043377767,11,HTTP Request,200,OK,Thread Group 1-1,text,true,27215,1,1,11
1481043378767,172,HTTP Request,200,OK,Thread Group 1-1,text,true,27216,1,1,172
1481043379766,9,HTTP Request,200,OK,Thread Group 1-1,text,true,27217,1,1,9
1481043380767,18,HTTP Request,200,OK,Thread Group 1-1,text,true,27411,1,1,18
1481043381765,23,HTTP Request,200,OK,Thread Group 1-1,text,true,27613,1,1,23
1481043382766,15,HTTP Request,200,OK,Thread Group 1-1,text,true,27614,1,1,15
1481043383766,16,HTTP Request,200,OK,Thread Group 1-1,text,true,27614,1,1,16
1481043384766,21,HTTP Request,200,OK,Thread Group 1-1,text,true,29283,1,1,21
1481043385766,15,HTTP Request,200,OK,Thread Group 1-1,text,true,29283,1,1,15
1481043386766,22,HTTP Request,200,OK,Thread Group 1-1,text,true,29285,1,1,22
1481043387766,12,HTTP Request,200,OK,Thread Group 1-1,text,true,29285,1,1,12
1481043388765,10,HTTP Request,200,OK,Thread Group 1-1,text,true,29285,1,1,10
1481043389765,20,HTTP Request,200,OK,Thread Group 1-1,text,true,29714,1,1,20
1481043390766,23,HTTP Request,200,OK,Thread Group 1-1,text,true,29714,1,1,23
1481043391766,135,HTTP Request,200,OK,Thread Group 1-1,text,true,29715,1,1,135
1481043392765,64,HTTP Request,200,OK,Thread Group 1-1,text,true,29715,1,1,64
1481043393765,317,HTTP Request,200,OK,Thread Group 1-1,text,true,29715,1,1,317
1481043394766,11,HTTP Request,200,OK,Thread Group 1-1,text,true,29715,1,1,11
1481043395766,63,HTTP Request,200,OK,Thread Group 1-1,text,true,31681,1,1,63
1481043396767,216,HTTP Request,200,OK,Thread Group 1-1,text,true,31881,1,1,216
1481043397767,15,HTTP Request,200,OK,Thread Group 1-1,text,true,32082,1,1,15
1481043398766,8,HTTP Request,200,OK,Thread Group 1-1,text,true,32083,1,1,8
1481043399767,19,HTTP Request,200,OK,Thread Group 1-1,text,true,33438,1,1,19
1481043400767,27,HTTP Request,200,OK,Thread Group 1-1,text,true,33438,1,1,27
1481043401767,138,HTTP Request,200,OK,Thread Group 1-1,text,true,33442,1,1,138
1481043402767,22,HTTP Request,200,OK,Thread Group 1-1,text,true,33442,1,1,22
1481043403767,31,HTTP Request,200,OK,Thread Group 1-1,text,true,34118,1,1,31
1481043404767,28,HTTP Request,200,OK,Thread Group 1-1,text,true,34118,1,1,28
1481043405767,18,HTTP Request,200,OK,Thread Group 1-1,text,true,34118,1,1,18
1481043406767,15,HTTP Request,200,OK,Thread Group 1-1,text,true,34119,1,1,15
1481043407767,23,HTTP Request,200,OK,Thread Group 1-1,text,true,34119,1,1,23
1481043408767,25,HTTP Request,200,OK,Thread Group 1-1,text,true,34119,1,1,24
1481043409767,32,HTTP Request,200,OK,Thread Group 1-1,text,true,34119,1,1,32
1481043410767,25,HTTP Request,200,OK,Thread Group 1-1,text,true,34119,1,1,25
1481043411767,31,HTTP Request,200,OK,Thread Group 1-1,text,true,34119,1,1,31
1481043412767,9,HTTP Request,200,OK,Thread Group 1-1,text,true,34119,1,1,9
1481043413767,6,HTTP Request,200,OK,Thread Group 1-1,text,true,34119,1,1,6
1481043414767,25,HTTP Request,200,OK,Thread Group 1-1,text,true,34626,1,1,25
1481043415767,31,HTTP Request,200,OK,Thread Group 1-1,text,true,34626,1,1,31
1481043416766,19,HTTP Request,200,OK,Thread Group 1-1,text,true,34626,1,1,19
1481043417765,16,HTTP Request,200,OK,Thread Group 1-1,text,true,34826,1,1,16
1481043418766,23,HTTP Request,200,OK,Thread Group 1-1,text,true,35074,1,1,23
1481043419765,31,HTTP Request,200,OK,Thread Group 1-1,text,true,37134,1,1,31
1481043420766,103,HTTP Request,200,OK,Thread Group 1-1,text,true,37137,1,1,103
1481043421766,433,HTTP Request,200,OK,Thread Group 1-1,text,true,37139,1,1,433
1481043422766,273,HTTP Request,200,OK,Thread Group 1-1,text,true,37140,1,1,273
1481043423766,19,HTTP Request,200,OK,Thread Group 1-1,text,true,37140,1,1,19
1481043424765,26,HTTP Request,200,OK,Thread Group 1-1,text,true,37140,1,1,26
1481043425766,27,HTTP Request,200,OK,Thread Group 1-1,text,true,37409,1,1,27
1481043426766,15,HTTP Request,200,OK,Thread Group 1-1,text,true,37409,1,1,15
1481043427766,31,HTTP Request,200,OK,Thread Group 1-1,text,true,37410,1,1,30
1481043428766,7,HTTP Request,200,OK,Thread Group 1-1,text,true,37410,1,1,7
1481043429766,235,HTTP Request,200,OK,Thread Group 1-1,text,true,37410,1,1,235
1481043430766,16,HTTP Request,200,OK,Thread Group 1-1,text,true,37410,1,1,15
1481043431767,8,HTTP Request,200,OK,Thread Group 1-1,text,true,38910,1,1,8
1481043432767,18,HTTP Request,200,OK,Thread Group 1-1,text,true,38910,1,1,18
1481043433767,12,HTTP Request,200,OK,Thread Group 1-1,text,true,38910,1,1,12
1481043434767,22,HTTP Request,200,OK,Thread Group 1-1,text,true,38910,1,1,22
1481043435766,36,HTTP Request,200,OK,Thread Group 1-1,text,true,38910,1,1,36
1481043436766,13,HTTP Request,200,OK,Thread Group 1-1,text,true,39324,1,1,13
1481043437767,20,HTTP Request,200,OK,Thread Group 1-1,text,true,40447,1,1,20
1481043438766,33,HTTP Request,200,OK,Thread Group 1-1,text,true,40447,1,1,33
1481043439767,25,HTTP Request,200,OK,Thread Group 1-1,text,true,40447,1,1,25
1481043440767,22,HTTP Request,200,OK,Thread Group 1-1,text,true,41062,1,1,21
1481043441766,30,HTTP Request,200,OK,Thread Group 1-1,text,true,41565,1,1,30
1481043442766,12,HTTP Request,200,OK,Thread Group 1-1,text,true,41565,1,1,12
1481043443766,17,HTTP Request,200,OK,Thread Group 1-1,text,true,41991,1,1,17
1481043444767,30,HTTP Request,200,OK,Thread Group 1-1,text,true,42189,1,1,30
1481043445767,29,HTTP Request,200,OK,Thread Group 1-1,text,true,42189,1,1,29
1481043446767,8,HTTP Request,200,OK,Thread Group 1-1,text,true,42191,1,1,8
1481043447767,172,HTTP Request,200,OK,Thread Group 1-1,text,true,42469,1,1,172
1481043448767,15,HTTP Request,200,OK,Thread Group 1-1,text,true,42470,1,1,11
1481043449767,8,HTTP Request,200,OK,Thread Group 1-1,text,true,42470,1,1,8
1481043450766,28,HTTP Request,200,OK,Thread Group 1-1,text,true,42470,1,1,28
1481043451767,129,HTTP Request,200,OK,Thread Group 1-1,text,true,44349,1,1,129
1481043452766,509,HTTP Request,200,OK,Thread Group 1-1,text,true,44349,1,1,509
1481043453767,31,HTTP Request,200,OK,Thread Group 1-1,text,true,44745,1,1,31
1481043454766,53,HTTP Request,200,OK,Thread Group 1-1,text,true,44959,1,1,53
1481043455767,15,HTTP Request,200,OK,Thread Group 1-1,text,true,46912,1,1,15
1481043456766,12,HTTP Request,200,OK,Thread Group 1-1,text,true,46912,1,1,12
1481043457766,901,HTTP Request,200,OK,Thread Group 1-1,text,true,47109,1,1,901
1481043458766,106,HTTP Request,200,OK,Thread Group 1-1,text,true,47109,1,1,106
1481043459766,139,HTTP Request,200,OK,Thread Group 1-1,text,true,47109,1,1,139
1481043460765,16,HTTP Request,200,OK,Thread Group 1-1,text,true,47109,1,1,16
1481043461765,260,HTTP Request,200,OK,Thread Group 1-1,text,true,48499,1,1,260
1481043462765,26,HTTP Request,200,OK,Thread Group 1-1,text,true,50585,1,1,26
1481043463765,83,HTTP Request,200,OK,Thread Group 1-1,text,true,50873,1,1,83
1481043464766,17,HTTP Request,200,OK,Thread Group 1-1,text,true,50873,1,1,17
1481043465766,10,HTTP Request,200,OK,Thread Group 1-1,text,true,50877,1,1,10
1481043466766,421,HTTP Request,200,OK,Thread Group 1-1,text,true,50878,1,1,421
1481043467765,19,HTTP Request,200,OK,Thread Group 1-1,text,true,50878,1,1,19
1481043468766,291,HTTP Request,200,OK,Thread Group 1-1,text,true,53477,1,1,291
1481043469766,33,HTTP Request,200,OK,Thread Group 1-1,text,true,55637,1,1,33
1481043470765,31,HTTP Request,200,OK,Thread Group 1-1,text,true,55644,1,1,31
1481043471767,15,HTTP Request,200,OK,Thread Group 1-1,text,true,55646,1,1,15
1481043472767,26,HTTP Request,200,OK,Thread Group 1-1,text,true,55646,1,1,25
1481043473766,41,HTTP Request,200,OK,Thread Group 1-1,text,true,55646,1,1,40
1481043474766,149,HTTP Request,200,OK,Thread Group 1-1,text,true,56250,1,1,149
1481043475767,38,HTTP Request,200,OK,Thread Group 1-1,text,true,56250,1,1,38
1481043476767,14,HTTP Request,200,OK,Thread Group 1-1,text,true,56250,1,1,14
1481043477766,55,HTTP Request,200,OK,Thread Group 1-1,text,true,56450,1,1,55
1481043478767,193,HTTP Request,200,OK,Thread Group 1-1,text,true,56450,1,1,192
1481043479766,11,HTTP Request,200,OK,Thread Group 1-1,text,true,56450,1,1,11
1481043480767,139,HTTP Request,200,OK,Thread Group 1-1,text,true,56450,1,1,139
1481043481767,29,HTTP Request,200,OK,Thread Group 1-1,text,true,56798,1,1,29
1481043482767,30,HTTP Request,200,OK,Thread Group 1-1,text,true,56798,1,1,30
1481043483767,37,HTTP Request,200,OK,Thread Group 1-1,text,true,57011,1,1,37
1481043484767,16,HTTP Request,200,OK,Thread Group 1-1,text,true,57011,1,1,16
1481043485767,41,HTTP Request,200,OK,Thread Group 1-1,text,true,57012,1,1,41
1481043486766,188,HTTP Request,200,OK,Thread Group 1-1,text,true,57012,1,1,188
1481043487767,62,HTTP Request,200,OK,Thread Group 1-1,text,true,57012,1,1,62
1481043488766,25,HTTP Request,200,OK,Thread Group 1-1,text,true,57012,1,1,25
1481043489767,39,HTTP Request,200,OK,Thread Group 1-1,text,true,57012,1,1,39
1481043490767,33,HTTP Request,200,OK,Thread Group 1-1,text,true,57012,1,1,33
1481043491765,12,HTTP Request,200,OK,Thread Group 1-1,text,true,57012,1,1,12
1481043492766,34,HTTP Request,200,OK,Thread Group 1-1,text,true,57012,1,1,34
1481043493766,21,HTTP Request,200,OK,Thread Group 1-1,text,true,57012,1,1,21
1481043494765,42,HTTP Request,200,OK,Thread Group 1-1,text,true,58566,1,1,42
1481043495766,36,HTTP Request,200,OK,Thread Group 1-1,text,true,58766,1,1,36
1481043496766,187,HTTP Request,200,OK,Thread Group 1-1,text,true,58766,1,1,187
1481043497766,16,HTTP Request,200,OK,Thread Group 1-1,text,true,58768,1,1,16
1481043498765,230,HTTP Request,200,OK,Thread Group 1-1,text,true,58768,1,1,230
1481043499765,31,HTTP Request,200,OK,Thread Group 1-1,text,true,58768,1,1,31
1481043500766,39,HTTP Request,200,OK,Thread Group 1-1,text,true,58768,1,1,39
1481043501766,25,HTTP Request,200,OK,Thread Group 1-1,text,true,58768,1,1,25
1481043502766,141,HTTP Request,200,OK,Thread Group 1-1,text,true,59002,1,1,141
1481043503766,31,HTTP Request,200,OK,Thread Group 1-1,text,true,59002,1,1,31
1481043504766,32,HTTP Request,200,OK,Thread Group 1-1,text,true,59002,1,1,32
1481043505765,47,HTTP Request,200,OK,Thread Group 1-1,text,true,59002,1,1,46
1481043506767,19,HTTP Request,200,OK,Thread Group 1-1,text,true,60052,1,1,19
1481043507766,122,HTTP Request,200,OK,Thread Group 1-1,text,true,60052,1,1,122
1481043508767,39,HTTP Request,200,OK,Thread Group 1-1,text,true,60055,1,1,39
1481043509767,95,HTTP Request,200,OK,Thread Group 1-1,text,true,60055,1,1,95
1481043510767,40,HTTP Request,200,OK,Thread Group 1-1,text,true,60458,1,1,40
1481043511767,12,HTTP Request,200,OK,Thread Group 1-1,text,true,60458,1,1,12
1481043512767,79,HTTP Request,200,OK,Thread Group 1-1,text,true,60458,1,1,79
1481043513766,12,HTTP Request,200,OK,Thread Group 1-1,text,true,60458,1,1,12
1481043514767,28,HTTP Request,200,OK,Thread Group 1-1,text,true,60458,1,1,28
1481043515767,117,HTTP Request,200,OK,Thread Group 1-1,text,true,60458,1,1,116
1481043516766,106,HTTP Request,200,OK,Thread Group 1-1,text,true,60458,1,1,106
1481043517767,32,HTTP Request,200,OK,Thread Group 1-1,text,true,60458,1,1,32
1481043518767,38,HTTP Request,200,OK,Thread Group 1-1,text,true,60856,1,1,38
1481043519767,42,HTTP Request,200,OK,Thread Group 1-1,text,true,60856,1,1,41
1481043520767,36,HTTP Request,200,OK,Thread Group 1-1,text,true,60856,1,1,36
1481043521767,28,HTTP Request,200,OK,Thread Group 1-1,text,true,60858,1,1,28
1481043522766,15,HTTP Request,200,OK,Thread Group 1-1,text,true,61064,1,1,15
1481043523767,181,HTTP Request,200,OK,Thread Group 1-1,text,true,61064,1,1,181
1481043524767,41,HTTP Request,200,OK,Thread Group 1-1,text,true,61919,1,1,40
1481043525767,65,HTTP Request,200,OK,Thread Group 1-1,text,true,61919,1,1,65
1481043526766,16,HTTP Request,200,OK,Thread Group 1-1,text,true,61919,1,1,16
1481043527766,25,HTTP Request,200,OK,Thread Group 1-1,text,true,61921,1,1,25
1481043528767,24,HTTP Request,200,OK,Thread Group 1-1,text,true,61921,1,1,24
1481043529767,26,HTTP Request,200,OK,Thread Group 1-1,text,true,62737,1,1,26
1481043530766,22,HTTP Request,200,OK,Thread Group 1-1,text,true,63328,1,1,22
1481043531766,21,HTTP Request,200,OK,Thread Group 1-1,text,true,63329,1,1,21
1481043532766,294,HTTP Request,200,OK,Thread Group 1-1,text,true,63329,1,1,294
1481043533766,22,HTTP Request,200,OK,Thread Group 1-1,text,true,63329,1,1,22
1481043534766,42,HTTP Request,200,OK,Thread Group 1-1,text,true,63329,1,1,41
1481043535765,128,HTTP Request,200,OK,Thread Group 1-1,text,true,63329,1,1,128
1481043536766,21,HTTP Request,200,OK,Thread Group 1-1,text,true,65205,1,1,21
1481043537766,31,HTTP Request,200,OK,Thread Group 1-1,text,true,65205,1,1,31
1481043538766,30,HTTP Request,200,OK,Thread Group 1-1,text,true,65207,1,1,30
1481043539766,53,HTTP Request,200,OK,Thread Group 1-1,text,true,65207,1,1,53
1481043540766,25,HTTP Request,200,OK,Thread Group 1-1,text,true,65207,1,1,25
1481043541767,12,HTTP Request,200,OK,Thread Group 1-1,text,true,65207,1,1,12
1481043542767,13,HTTP Request,200,OK,Thread Group 1-1,text,true,65207,1,1,13
1481043543767,452,HTTP Request,200,OK,Thread Group 1-1,text,true,65207,1,1,452
1481043544767,39,HTTP Request,200,OK,Thread Group 1-1,text,true,65207,1,1,39
1481043545767,18,HTTP Request,200,OK,Thread Group 1-1,text,true,65207,1,1,18
1481043546767,17,HTTP Request,200,OK,Thread Group 1-1,text,true,68161,1,1,17
1481043547767,63,HTTP Request,200,OK,Thread Group 1-1,text,true,68163,1,1,63
1481043548767,18,HTTP Request,200,OK,Thread Group 1-1,text,true,68360,1,1,18
1481043549767,39,HTTP Request,200,OK,Thread Group 1-1,text,true,68360,1,1,39
1481043550767,34,HTTP Request,200,OK,Thread Group 1-1,text,true,68360,1,1,34
1481043551766,17,HTTP Request,200,OK,Thread Group 1-1,text,true,68362,1,1,17
1481043552767,34,HTTP Request,200,OK,Thread Group 1-1,text,true,68362,1,1,34
1481043553767,144,HTTP Request,200,OK,Thread Group 1-1,text,true,68796,1,1,144
1481043554767,21,HTTP Request,200,OK,Thread Group 1-1,text,true,68796,1,1,21
1481043555767,61,HTTP Request,200,OK,Thread Group 1-1,text,true,68796,1,1,61
1481043556767,29,HTTP Request,200,OK,Thread Group 1-1,text,true,68796,1,1,29
1481043557767,25,HTTP Request,200,OK,Thread Group 1-1,text,true,68796,1,1,25
1481043558766,20,HTTP Request,200,OK,Thread Group 1-1,text,true,68796,1,1,20
1481043559767,78,HTTP Request,200,OK,Thread Group 1-1,text,true,70269,1,1,78
1481043560767,40,HTTP Request,200,OK,Thread Group 1-1,text,true,70494,1,1,39
1481043561765,125,HTTP Request,200,OK,Thread Group 1-1,text,true,70496,1,1,125
1481043562766,26,HTTP Request,200,OK,Thread Group 1-1,text,true,70496,1,1,26
1481043563765,260,HTTP Request,200,OK,Thread Group 1-1,text,true,70496,1,1,260
1481043564765,73,HTTP Request,200,OK,Thread Group 1-1,text,true,71293,1,1,73
1481043565766,35,HTTP Request,200,OK,Thread Group 1-1,text,true,71294,1,1,35
1481043566765,15,HTTP Request,200,OK,Thread Group 1-1,text,true,71294,1,1,15
1481043567765,26,HTTP Request,200,OK,Thread Group 1-1,text,true,71294,1,1,26
1481043568766,24,HTTP Request,200,OK,Thread Group 1-1,text,true,71294,1,1,24
1481043569766,52,HTTP Request,200,OK,Thread Group 1-1,text,true,71294,1,1,52
1481043570766,12,HTTP Request,200,OK,Thread Group 1-1,text,true,71294,1,1,12
1481043571767,60,HTTP Request,200,OK,Thread Group 1-1,text,true,71294,1,1,60
1481043572766,24,HTTP Request,200,OK,Thread Group 1-1,text,true,71915,1,1,24
1481043573766,38,HTTP Request,200,OK,Thread Group 1-1,text,true,71915,1,1,38
1481043574767,42,HTTP Request,200,OK,Thread Group 1-1,text,true,71915,1,1,42
1481043575767,55,HTTP Request,200,OK,Thread Group 1-1,text,true,71915,1,1,55
1481043576766,25,HTTP Request,200,OK,Thread Group 1-1,text,true,71915,1,1,25
1481043577767,50,HTTP Request,200,OK,Thread Group 1-1,text,true,71915,1,1,49
1481043578767,51,HTTP Request,200,OK,Thread Group 1-1,text,true,71916,1,1,51
1481043579767,47,HTTP Request,200,OK,Thread Group 1-1,text,true,71916,1,1,47
1481043580767,19,HTTP Request,200,OK,Thread Group 1-1,text,true,71916,1,1,19
1481043581767,22,HTTP Request,200,OK,Thread Group 1-1,text,true,71916,1,1,22
1481043582767,37,HTTP Request,200,OK,Thread Group 1-1,text,true,71916,1,1,37
1481043583767,173,HTTP Request,200,OK,Thread Group 1-1,text,true,73277,1,1,173
1481043584767,34,HTTP Request,200,OK,Thread Group 1-1,text,true,73277,1,1,34
1481043585767,47,HTTP Request,200,OK,Thread Group 1-1,text,true,73711,1,1,47
1481043586767,66,HTTP Request,200,OK,Thread Group 1-1,text,true,73713,1,1,66
1481043587767,365,HTTP Request,200,OK,Thread Group 1-1,text,true,73713,1,1,365
1481043588767,41,HTTP Request,200,OK,Thread Group 1-1,text,true,73963,1,1,41
1481043589767,20,HTTP Request,200,OK,Thread Group 1-1,text,true,73963,1,1,20
1481043590767,47,HTTP Request,200,OK,Thread Group 1-1,text,true,73963,1,1,47
1481043591766,22,HTTP Request,200,OK,Thread Group 1-1,text,true,73963,1,1,22
1481043592766,14,HTTP Request,200,OK,Thread Group 1-1,text,true,73963,1,1,14
1481043593765,16,HTTP Request,200,OK,Thread Group 1-1,text,true,73963,1,1,16
1481043594765,54,HTTP Request,200,OK,Thread Group 1-1,text,true,74825,1,1,53
1481043595766,52,HTTP Request,200,OK,Thread Group 1-1,text,true,74825,1,1,51
1481043596766,79,HTTP Request,200,OK,Thread Group 1-1,text,true,74826,1,1,79
1481043597766,106,HTTP Request,200,OK,Thread Group 1-1,text,true,74827,1,1,106
1481043598766,27,HTTP Request,200,OK,Thread Group 1-1,text,true,75672,1,1,27
1481043599766,33,HTTP Request,200,OK,Thread Group 1-1,text,true,76086,1,1,33
1481043600766,77,HTTP Request,200,OK,Thread Group 1-1,text,true,76433,1,1,77
1481043601766,25,HTTP Request,200,OK,Thread Group 1-1,text,true,76433,1,1,25
1481043602766,196,HTTP Request,200,OK,Thread Group 1-1,text,true,76666,1,1,196
1481043603766,29,HTTP Request,200,OK,Thread Group 1-1,text,true,76666,1,1,29
1481043604765,120,HTTP Request,200,OK,Thread Group 1-1,text,true,76666,1,1,120
1481043605766,37,HTTP Request,200,OK,Thread Group 1-1,text,true,76667,1,1,37
1481043606768,17,HTTP Request,200,OK,Thread Group 1-1,text,true,76890,1,1,17
1481043607767,34,HTTP Request,200,OK,Thread Group 1-1,text,true,77302,1,1,34
1481043608768,43,HTTP Request,200,OK,Thread Group 1-1,text,true,77303,1,1,43
1481043609767,43,HTTP Request,200,OK,Thread Group 1-1,text,true,77303,1,1,43
1481043610767,45,HTTP Request,200,OK,Thread Group 1-1,text,true,77303,1,1,44
1481043611767,36,HTTP Request,200,OK,Thread Group 1-1,text,true,77508,1,1,36
1481043612767,225,HTTP Request,200,OK,Thread Group 1-1,text,true,77509,1,1,225
1481043613767,39,HTTP Request,200,OK,Thread Group 1-1,text,true,77913,1,1,39
1481043614767,42,HTTP Request,200,OK,Thread Group 1-1,text,true,78117,1,1,42
1481043615767,43,HTTP Request,200,OK,Thread Group 1-1,text,true,78118,1,1,43
1481043616767,24,HTTP Request,200,OK,Thread Group 1-1,text,true,78118,1,1,24
1481043617767,15,HTTP Request,200,OK,Thread Group 1-1,text,true,78118,1,1,15
1481043618767,40,HTTP Request,200,OK,Thread Group 1-1,text,true,78118,1,1,40
1481043619767,39,HTTP Request,200,OK,Thread Group 1-1,text,true,79436,1,1,39
1481043620767,17,HTTP Request,200,OK,Thread Group 1-1,text,true,80050,1,1,17
1481043621765,83,HTTP Request,200,OK,Thread Group 1-1,text,true,80051,1,1,83
1481043622765,41,HTTP Request,200,OK,Thread Group 1-1,text,true,80051,1,1,41
1481043623766,37,HTTP Request,200,OK,Thread Group 1-1,text,true,80053,1,1,37
1481043624765,49,HTTP Request,200,OK,Thread Group 1-1,text,true,80053,1,1,49
1481043625766,48,HTTP Request,200,OK,Thread Group 1-1,text,true,80053,1,1,48
1481043626766,43,HTTP Request,200,OK,Thread Group 1-1,text,true,80053,1,1,43
1481043627766,122,HTTP Request,200,OK,Thread Group 1-1,text,true,80053,1,1,122
1481043628766,36,HTTP Request,200,OK,Thread Group 1-1,text,true,80053,1,1,36
1481043629765,125,HTTP Request,200,OK,Thread Group 1-1,text,true,80961,1,1,125
1481043630766,62,HTTP Request,200,OK,Thread Group 1-1,text,true,80961,1,1,62
1481043631766,28,HTTP Request,200,OK,Thread Group 1-1,text,true,80961,1,1,28
1481043632767,43,HTTP Request,200,OK,Thread Group 1-1,text,true,80961,1,1,43
1481043633767,57,HTTP Request,200,OK,Thread Group 1-1,text,true,80961,1,1,57
1481043634766,40,HTTP Request,200,OK,Thread Group 1-1,text,true,80961,1,1,40
1481043635767,45,HTTP Request,200,OK,Thread Group 1-1,text,true,80961,1,1,45
1481043636766,326,HTTP Request,200,OK,Thread Group 1-1,text,true,80961,1,1,326
1481043637767,37,HTTP Request,200,OK,Thread Group 1-1,text,true,80961,1,1,37
1481043638767,56,HTTP Request,200,OK,Thread Group 1-1,text,true,81386,1,1,55
1481043639767,54,HTTP Request,200,OK,Thread Group 1-1,text,true,81386,1,1,54
1481043640767,47,HTTP Request,200,OK,Thread Group 1-1,text,true,81386,1,1,46
1481043641767,41,HTTP Request,200,OK,Thread Group 1-1,text,true,81386,1,1,41
1481043642767,113,HTTP Request,200,OK,Thread Group 1-1,text,true,81893,1,1,113
1481043643767,214,HTTP Request,200,OK,Thread Group 1-1,text,true,81893,1,1,214
1481043644767,54,HTTP Request,200,OK,Thread Group 1-1,text,true,81893,1,1,54
1481043645767,49,HTTP Request,200,OK,Thread Group 1-1,text,true,81894,1,1,49
1481043646767,40,HTTP Request,200,OK,Thread Group 1-1,text,true,82088,1,1,39
1481043647766,21,HTTP Request,200,OK,Thread Group 1-1,text,true,82088,1,1,21
1481043648767,17,HTTP Request,200,OK,Thread Group 1-1,text,true,82280,1,1,17
1481043649767,63,HTTP Request,200,OK,Thread Group 1-1,text,true,84131,1,1,63
1481043650767,37,HTTP Request,200,OK,Thread Group 1-1,text,true,84131,1,1,37
1481043651767,63,HTTP Request,200,OK,Thread Group 1-1,text,true,84133,1,1,63
1481043652767,26,HTTP Request,200,OK,Thread Group 1-1,text,true,84135,1,1,26
1481043653767,24,HTTP Request,200,OK,Thread Group 1-1,text,true,84135,1,1,23
1481043654766,40,HTTP Request,200,OK,Thread Group 1-1,text,true,84135,1,1,40
1481043655767,60,HTTP Request,200,OK,Thread Group 1-1,text,true,84135,1,1,60
1481043656766,25,HTTP Request,200,OK,Thread Group 1-1,text,true,84981,1,1,25
1481043657766,46,HTTP Request,200,OK,Thread Group 1-1,text,true,85202,1,1,46
1481043658766,43,HTTP Request,200,OK,Thread Group 1-1,text,true,85203,1,1,42
1481043659766,46,HTTP Request,200,OK,Thread Group 1-1,text,true,85203,1,1,46
1481043660766,49,HTTP Request,200,OK,Thread Group 1-1,text,true,85203,1,1,49
1481043661766,44,HTTP Request,200,OK,Thread Group 1-1,text,true,85203,1,1,44
1481043662766,101,HTTP Request,200,OK,Thread Group 1-1,text,true,85203,1,1,101
1481043663766,42,HTTP Request,200,OK,Thread Group 1-1,text,true,85203,1,1,42
1481043664765,51,HTTP Request,200,OK,Thread Group 1-1,text,true,85203,1,1,51
1481043665765,47,HTTP Request,200,OK,Thread Group 1-1,text,true,85598,1,1,47
1481043666765,26,HTTP Request,200,OK,Thread Group 1-1,text,true,86028,1,1,26
1481043667766,22,HTTP Request,200,OK,Thread Group 1-1,text,true,86028,1,1,22
1481043668765,26,HTTP Request,200,OK,Thread Group 1-1,text,true,86908,1,1,26
1481043669766,31,HTTP Request,200,OK,Thread Group 1-1,text,true,87129,1,1,31
1481043670766,38,HTTP Request,200,OK,Thread Group 1-1,text,true,87129,1,1,38
1481043671767,17,HTTP Request,200,OK,Thread Group 1-1,text,true,87130,1,1,17
1481043672767,48,HTTP Request,200,OK,Thread Group 1-1,text,true,87131,1,1,48
1481043673767,36,HTTP Request,200,OK,Thread Group 1-1,text,true,87131,1,1,36
1481043674767,26,HTTP Request,200,OK,Thread Group 1-1,text,true,87131,1,1,26
1481043675766,51,HTTP Request,200,OK,Thread Group 1-1,text,true,87677,1,1,51
1481043676766,33,HTTP Request,200,OK,Thread Group 1-1,text,true,88521,1,1,33
1481043677766,210,HTTP Request,200,OK,Thread Group 1-1,text,true,88915,1,1,210
1481043678767,28,HTTP Request,200,OK,Thread Group 1-1,text,true,89299,1,1,28
1481043679767,49,HTTP Request,200,OK,Thread Group 1-1,text,true,89299,1,1,49
1481043680767,25,HTTP Request,200,OK,Thread Group 1-1,text,true,90176,1,1,24
1481043681766,81,HTTP Request,200,OK,Thread Group 1-1,text,true,90369,1,1,81
1481043682766,43,HTTP Request,200,OK,Thread Group 1-1,text,true,90371,1,1,43
1481043683766,34,HTTP Request,200,OK,Thread Group 1-1,text,true,91677,1,1,34
1481043684766,22,HTTP Request,200,OK,Thread Group 1-1,text,true,92385,1,1,22
1481043685766,22,HTTP Request,200,OK,Thread Group 1-1,text,true,92385,1,1,22
1481043686766,24,HTTP Request,200,OK,Thread Group 1-1,text,true,92597,1,1,24
1481043687766,163,HTTP Request,200,OK,Thread Group 1-1,text,true,92597,1,1,163
1481043688766,37,HTTP Request,200,OK,Thread Group 1-1,text,true,92597,1,1,37
1481043689765,45,HTTP Request,200,OK,Thread Group 1-1,text,true,92597,1,1,45
1481043690766,43,HTTP Request,200,OK,Thread Group 1-1,text,true,92809,1,1,43
1481043691765,68,HTTP Request,200,OK,Thread Group 1-1,text,true,92809,1,1,68
1481043692766,332,HTTP Request,200,OK,Thread Group 1-1,text,true,93227,1,1,332
1481043693766,106,HTTP Request,200,OK,Thread Group 1-1,text,true,94129,1,1,106
1481043694766,18,HTTP Request,200,OK,Thread Group 1-1,text,true,95415,1,1,18
1481043695766,56,HTTP Request,200,OK,Thread Group 1-1,text,true,95415,1,1,56
1481043696767,24,HTTP Request,200,OK,Thread Group 1-1,text,true,95416,1,1,24
1481043697766,26,HTTP Request,200,OK,Thread Group 1-1,text,true,95416,1,1,26
1481043698767,36,HTTP Request,200,OK,Thread Group 1-1,text,true,95416,1,1,36
1481043699767,66,HTTP Request,200,OK,Thread Group 1-1,text,true,95416,1,1,66
1481043700766,43,HTTP Request,200,OK,Thread Group 1-1,text,true,95416,1,1,43
1481043701767,17,HTTP Request,200,OK,Thread Group 1-1,text,true,95416,1,1,17
1481043702767,74,HTTP Request,200,OK,Thread Group 1-1,text,true,95416,1,1,74
1481043703767,338,HTTP Request,200,OK,Thread Group 1-1,text,true,95416,1,1,338
1481043704767,54,HTTP Request,200,OK,Thread Group 1-1,text,true,95416,1,1,54
1481043705767,50,HTTP Request,200,OK,Thread Group 1-1,text,true,96019,1,1,50
1481043706767,33,HTTP Request,200,OK,Thread Group 1-1,text,true,96019,1,1,33
1481043707767,59,HTTP Request,200,OK,Thread Group 1-1,text,true,96019,1,1,59
1481043708767,45,HTTP Request,200,OK,Thread Group 1-1,text,true,96019,1,1,44
1481043709767,45,HTTP Request,200,OK,Thread Group 1-1,text,true,96019,1,1,45
1481043710767,44,HTTP Request,200,OK,Thread Group 1-1,text,true,96019,1,1,43
1481043711766,35,HTTP Request,200,OK,Thread Group 1-1,text,true,96019,1,1,35
1481043712766,154,HTTP Request,200,OK,Thread Group 1-1,text,true,96019,1,1,154
1481043713767,32,HTTP Request,200,OK,Thread Group 1-1,text,true,96227,1,1,32
1481043714767,44,HTTP Request,200,OK,Thread Group 1-1,text,true,96854,1,1,44
1481043715767,53,HTTP Request,200,OK,Thread Group 1-1,text,true,96854,1,1,53
1481043716766,36,HTTP Request,200,OK,Thread Group 1-1,text,true,96854,1,1,36
1481043717765,54,HTTP Request,200,OK,Thread Group 1-1,text,true,96854,1,1,53
1481043718766,43,HTTP Request,200,OK,Thread Group 1-1,text,true,96854,1,1,43
1481043719766,49,HTTP Request,200,OK,Thread Group 1-1,text,true,96854,1,1,49
1481043720766,61,HTTP Request,200,OK,Thread Group 1-1,text,true,96854,1,1,61
1481043721766,29,HTTP Request,200,OK,Thread Group 1-1,text,true,96854,1,1,29
1481043722766,61,HTTP Request,200,OK,Thread Group 1-1,text,true,96854,1,1,61
1481043723766,60,HTTP Request,200,OK,Thread Group 1-1,text,true,96854,1,1,60
1481043724766,21,HTTP Request,200,OK,Thread Group 1-1,text,true,97527,1,1,21
1481043725765,54,HTTP Request,200,OK,Thread Group 1-1,text,true,97527,1,1,54
1481043726766,136,HTTP Request,200,OK,Thread Group 1-1,text,true,97527,1,1,136
1481043727766,242,HTTP Request,200,OK,Thread Group 1-1,text,true,97528,1,1,242
1481043728765,55,HTTP Request,200,OK,Thread Group 1-1,text,true,97528,1,1,55
1481043729766,57,HTTP Request,200,OK,Thread Group 1-1,text,true,97528,1,1,57
1481043730766,86,HTTP Request,200,OK,Thread Group 1-1,text,true,98369,1,1,86
1481043731767,26,HTTP Request,200,OK,Thread Group 1-1,text,true,98369,1,1,26
1481043732766,44,HTTP Request,200,OK,Thread Group 1-1,text,true,98369,1,1,44
1481043733767,60,HTTP Request,200,OK,Thread Group 1-1,text,true,98581,1,1,60
1481043734767,21,HTTP Request,200,OK,Thread Group 1-1,text,true,99737,1,1,21
1481043735767,181,HTTP Request,200,OK,Thread Group 1-1,text,true,100138,1,1,181
1481043736767,48,HTTP Request,200,OK,Thread Group 1-1,text,true,100140,1,1,48
1481043737767,72,HTTP Request,200,OK,Thread Group 1-1,text,true,100369,1,1,72
1481043738766,70,HTTP Request,200,OK,Thread Group 1-1,text,true,100369,1,1,70
1481043739767,109,HTTP Request,200,OK,Thread Group 1-1,text,true,100369,1,1,109
1481043740767,63,HTTP Request,200,OK,Thread Group 1-1,text,true,100369,1,1,63
1481043741767,47,HTTP Request,200,OK,Thread Group 1-1,text,true,100370,1,1,47
1481043742766,248,HTTP Request,200,OK,Thread Group 1-1,text,true,100370,1,1,248
1481043743766,181,HTTP Request,200,OK,Thread Group 1-1,text,true,100370,1,1,181
1481043744767,62,HTTP Request,200,OK,Thread Group 1-1,text,true,100370,1,1,62
1481043745766,62,HTTP Request,200,OK,Thread Group 1-1,text,true,101226,1,1,62
1481043746766,45,HTTP Request,200,OK,Thread Group 1-1,text,true,101423,1,1,44
1481043747765,50,HTTP Request,200,OK,Thread Group 1-1,text,true,101423,1,1,50
1481043748766,55,HTTP Request,200,OK,Thread Group 1-1,text,true,101423,1,1,54
1481043749766,65,HTTP Request,200,OK,Thread Group 1-1,text,true,101423,1,1,65
1481043750766,61,HTTP Request,200,OK,Thread Group 1-1,text,true,101423,1,1,60
1481043751765,21,HTTP Request,200,OK,Thread Group 1-1,text,true,101423,1,1,21
1481043752765,24,HTTP Request,200,OK,Thread Group 1-1,text,true,101423,1,1,24
1481043753766,59,HTTP Request,200,OK,Thread Group 1-1,text,true,101423,1,1,59
1481043754766,173,HTTP Request,200,OK,Thread Group 1-1,text,true,102019,1,1,173
1481043755766,68,HTTP Request,200,OK,Thread Group 1-1,text,true,102019,1,1,68
1481043756766,49,HTTP Request,200,OK,Thread Group 1-1,text,true,102019,1,1,49
1481043757766,31,HTTP Request,200,OK,Thread Group 1-1,text,true,102019,1,1,31
1481043758766,77,HTTP Request,200,OK,Thread Group 1-1,text,true,102212,1,1,77
1481043759766,63,HTTP Request,200,OK,Thread Group 1-1,text,true,102212,1,1,63
1481043760766,65,HTTP Request,200,OK,Thread Group 1-1,text,true,102212,1,1,65
1481043761767,44,HTTP Request,200,OK,Thread Group 1-1,text,true,102212,1,1,43
1481043762766,29,HTTP Request,200,OK,Thread Group 1-1,text,true,102212,1,1,29
1481043763767,33,HTTP Request,200,OK,Thread Group 1-1,text,true,102212,1,1,33
1481043764767,373,HTTP Request,200,OK,Thread Group 1-1,text,true,102212,1,1,372
1481043765766,64,HTTP Request,200,OK,Thread Group 1-1,text,true,102631,1,1,64
1481043766767,42,HTTP Request,200,OK,Thread Group 1-1,text,true,102824,1,1,42
1481043767767,36,HTTP Request,200,OK,Thread Group 1-1,text,true,102824,1,1,36
1481043768766,198,HTTP Request,200,OK,Thread Group 1-1,text,true,102824,1,1,198
1481043769767,64,HTTP Request,200,OK,Thread Group 1-1,text,true,102824,1,1,64
1481043770767,58,HTTP Request,200,OK,Thread Group 1-1,text,true,102824,1,1,58
1481043771766,83,HTTP Request,200,OK,Thread Group 1-1,text,true,103422,1,1,83
1481043772767,51,HTTP Request,200,OK,Thread Group 1-1,text,true,103694,1,1,51
1481043773767,53,HTTP Request,200,OK,Thread Group 1-1,text,true,103695,1,1,53
1481043774767,44,HTTP Request,200,OK,Thread Group 1-1,text,true,103695,1,1,44
1481043775767,80,HTTP Request,200,OK,Thread Group 1-1,text,true,103695,1,1,80
1481043776767,32,HTTP Request,200,OK,Thread Group 1-1,text,true,103695,1,1,32
1481043777767,188,HTTP Request,200,OK,Thread Group 1-1,text,true,103695,1,1,188
1481043778767,45,HTTP Request,200,OK,Thread Group 1-1,text,true,103695,1,1,45
1481043779767,65,HTTP Request,200,OK,Thread Group 1-1,text,true,103695,1,1,64
1481043780767,63,HTTP Request,200,OK,Thread Group 1-1,text,true,103695,1,1,63
1481043781766,32,HTTP Request,200,OK,Thread Group 1-1,text,true,103695,1,1,31
1481043782765,292,HTTP Request,200,OK,Thread Group 1-1,text,true,103695,1,1,292
1481043783766,32,HTTP Request,200,OK,Thread Group 1-1,text,true,104293,1,1,32
1481043784766,53,HTTP Request,200,OK,Thread Group 1-1,text,true,104293,1,1,53
1481043785766,73,HTTP Request,200,OK,Thread Group 1-1,text,true,104742,1,1,73
1481043786766,31,HTTP Request,200,OK,Thread Group 1-1,text,true,104936,1,1,31
1481043787766,80,HTTP Request,200,OK,Thread Group 1-1,text,true,104937,1,1,80
1481043788766,47,HTTP Request,200,OK,Thread Group 1-1,text,true,106321,1,1,47
1481043789765,31,HTTP Request,200,OK,Thread Group 1-1,text,true,106323,1,1,31
1481043790766,94,HTTP Request,200,OK,Thread Group 1-1,text,true,106536,1,1,94
1481043791766,32,HTTP Request,200,OK,Thread Group 1-1,text,true,106537,1,1,32
1481043792766,20,HTTP Request,200,OK,Thread Group 1-1,text,true,106538,1,1,20
1481043793766,124,HTTP Request,200,OK,Thread Group 1-1,text,true,106538,1,1,124
1481043794766,54,HTTP Request,200,OK,Thread Group 1-1,text,true,106538,1,1,53
1481043795765,48,HTTP Request,200,OK,Thread Group 1-1,text,true,106538,1,1,48
1481043796767,267,HTTP Request,200,OK,Thread Group 1-1,text,true,106538,1,1,267
1481043797767,21,HTTP Request,200,OK,Thread Group 1-1,text,true,107936,1,1,21
1481043798767,54,HTTP Request,200,OK,Thread Group 1-1,text,true,107937,1,1,54
1481043799767,31,HTTP Request,200,OK,Thread Group 1-1,text,true,107937,1,1,31
1481043800766,183,HTTP Request,200,OK,Thread Group 1-1,text,true,108132,1,1,183
1481043801766,25,HTTP Request,200,OK,Thread Group 1-1,text,true,108132,1,1,25
1481043802766,463,HTTP Request,200,OK,Thread Group 1-1,text,true,108132,1,1,463
1481043803767,32,HTTP Request,200,OK,Thread Group 1-1,text,true,109017,1,1,32
1481043804767,38,HTTP Request,200,OK,Thread Group 1-1,text,true,109017,1,1,38
1481043805767,23,HTTP Request,200,OK,Thread Group 1-1,text,true,109215,1,1,23
1481043806767,28,HTTP Request,200,OK,Thread Group 1-1,text,true,109460,1,1,28
1481043807767,354,HTTP Request,200,OK,Thread Group 1-1,text,true,109461,1,1,354
1481043808767,49,HTTP Request,200,OK,Thread Group 1-1,text,true,109461,1,1,49
1481043809767,250,HTTP Request,200,OK,Thread Group 1-1,text,true,109845,1,1,249
1481043810766,71,HTTP Request,200,OK,Thread Group 1-1,text,true,110871,1,1,70
1481043811766,134,HTTP Request,200,OK,Thread Group 1-1,text,true,110871,1,1,134
1481043812767,37,HTTP Request,200,OK,Thread Group 1-1,text,true,111342,1,1,37
1481043813767,55,HTTP Request,200,OK,Thread Group 1-1,text,true,111343,1,1,55
1481043814767,68,HTTP Request,200,OK,Thread Group 1-1,text,true,111343,1,1,68
1481043815766,64,HTTP Request,200,OK,Thread Group 1-1,text,true,111343,1,1,64
1481043816766,37,HTTP Request,200,OK,Thread Group 1-1,text,true,111343,1,1,37
1481043817766,45,HTTP Request,200,OK,Thread Group 1-1,text,true,111343,1,1,45
1481043818766,63,HTTP Request,200,OK,Thread Group 1-1,text,true,111343,1,1,62
1481043819766,67,HTTP Request,200,OK,Thread Group 1-1,text,true,111343,1,1,67
1481043820766,54,HTTP Request,200,OK,Thread Group 1-1,text,true,111343,1,1,54
1481043821765,75,HTTP Request,200,OK,Thread Group 1-1,text,true,111343,1,1,75
1481043822766,130,HTTP Request,200,OK,Thread Group 1-1,text,true,111343,1,1,130
1481043823765,51,HTTP Request,200,OK,Thread Group 1-1,text,true,111343,1,1,50
1481043824765,147,HTTP Request,200,OK,Thread Group 1-1,text,true,111537,1,1,147
1481043825766,49,HTTP Request,200,OK,Thread Group 1-1,text,true,112771,1,1,49
1481043826767,29,HTTP Request,200,OK,Thread Group 1-1,text,true,112771,1,1,29
1481043827766,65,HTTP Request,200,OK,Thread Group 1-1,text,true,112772,1,1,65
1481043828767,60,HTTP Request,200,OK,Thread Group 1-1,text,true,112772,1,1,60
1481043829767,94,HTTP Request,200,OK,Thread Group 1-1,text,true,112772,1,1,94
1481043830767,68,HTTP Request,200,OK,Thread Group 1-1,text,true,112772,1,1,68
1481043831766,57,HTTP Request,200,OK,Thread Group 1-1,text,true,112772,1,1,57
1481043832767,56,HTTP Request,200,OK,Thread Group 1-1,text,true,112772,1,1,56
1481043833767,29,HTTP Request,200,OK,Thread Group 1-1,text,true,112772,1,1,29
1481043834767,40,HTTP Request,200,OK,Thread Group 1-1,text,true,112772,1,1,40
1481043835766,21,HTTP Request,200,OK,Thread Group 1-1,text,true,112772,1,1,21
1481043836767,33,HTTP Request,200,OK,Thread Group 1-1,text,true,112772,1,1,33
1481043837766,92,HTTP Request,200,OK,Thread Group 1-1,text,true,113614,1,1,92
1481043838767,66,HTTP Request,200,OK,Thread Group 1-1,text,true,113614,1,1,66
1481043839767,215,HTTP Request,200,OK,Thread Group 1-1,text,true,113834,1,1,215
1481043840767,85,HTTP Request,200,OK,Thread Group 1-1,text,true,114058,1,1,85
1481043841765,47,HTTP Request,200,OK,Thread Group 1-1,text,true,114058,1,1,47
1481043842765,106,HTTP Request,200,OK,Thread Group 1-1,text,true,114058,1,1,106
1481043843765,150,HTTP Request,200,OK,Thread Group 1-1,text,true,114058,1,1,150
1481043844765,26,HTTP Request,200,OK,Thread Group 1-1,text,true,114058,1,1,26
1481043845765,265,HTTP Request,200,OK,Thread Group 1-1,text,true,114264,1,1,265
1481043846766,143,HTTP Request,200,OK,Thread Group 1-1,text,true,115296,1,1,143
1481043847765,25,HTTP Request,200,OK,Thread Group 1-1,text,true,115490,1,1,25
1481043848765,28,HTTP Request,200,OK,Thread Group 1-1,text,true,115685,1,1,28
1481043849765,56,HTTP Request,200,OK,Thread Group 1-1,text,true,115687,1,1,56
1481043850765,35,HTTP Request,200,OK,Thread Group 1-1,text,true,115687,1,1,35
1481043851766,414,HTTP Request,200,OK,Thread Group 1-1,text,true,115688,1,1,414
1481043852766,28,HTTP Request,200,OK,Thread Group 1-1,text,true,116907,1,1,28
1481043853765,60,HTTP Request,200,OK,Thread Group 1-1,text,true,117403,1,1,60
1481043854765,320,HTTP Request,200,OK,Thread Group 1-1,text,true,117403,1,1,320
1481043855765,52,HTTP Request,200,OK,Thread Group 1-1,text,true,118672,1,1,52
1481043856767,45,HTTP Request,200,OK,Thread Group 1-1,text,true,119278,1,1,45
1481043857767,471,HTTP Request,200,OK,Thread Group 1-1,text,true,119278,1,1,471
1481043858767,90,HTTP Request,200,OK,Thread Group 1-1,text,true,120925,1,1,90
1481043859767,26,HTTP Request,200,OK,Thread Group 1-1,text,true,120925,1,1,26
1481043860767,25,HTTP Request,200,OK,Thread Group 1-1,text,true,121734,1,1,25
1481043861767,40,HTTP Request,200,OK,Thread Group 1-1,text,true,121939,1,1,39
1481043862766,596,HTTP Request,200,OK,Thread Group 1-1,text,true,121939,1,1,596
1481043863767,54,HTTP Request,200,OK,Thread Group 1-1,text,true,121939,1,1,54
1481043864768,39,HTTP Request,200,OK,Thread Group 1-1,text,true,124546,1,1,38
1481043865766,140,HTTP Request,200,OK,Thread Group 1-1,text,true,124935,1,1,140
1481043866766,34,HTTP Request,200,OK,Thread Group 1-1,text,true,124936,1,1,34
1481043867767,213,HTTP Request,200,OK,Thread Group 1-1,text,true,124936,1,1,213
1481043868767,60,HTTP Request,200,OK,Thread Group 1-1,text,true,124936,1,1,60
1481043869767,38,HTTP Request,200,OK,Thread Group 1-1,text,true,124936,1,1,38
1481043870767,42,HTTP Request,200,OK,Thread Group 1-1,text,true,125572,1,1,42
1481043871766,108,HTTP Request,200,OK,Thread Group 1-1,text,true,125572,1,1,108
1481043872767,27,HTTP Request,200,OK,Thread Group 1-1,text,true,125572,1,1,27
1481043873767,152,HTTP Request,200,OK,Thread Group 1-1,text,true,129366,1,1,152
1481043874766,42,HTTP Request,200,OK,Thread Group 1-1,text,true,130634,1,1,42
1481043875767,25,HTTP Request,200,OK,Thread Group 1-1,text,true,130634,1,1,25
1481043876767,27,HTTP Request,200,OK,Thread Group 1-1,text,true,130635,1,1,27
1481043877767,527,HTTP Request,200,OK,Thread Group 1-1,text,true,130636,1,1,527
1481043878767,100,HTTP Request,200,OK,Thread Group 1-1,text,true,131542,1,1,68
1481043879766,58,HTTP Request,200,OK,Thread Group 1-1,text,true,131542,1,1,56
1481043880766,71,HTTP Request,200,OK,Thread Group 1-1,text,true,131542,1,1,69
1481043881766,72,HTTP Request,200,OK,Thread Group 1-1,text,true,131543,1,1,67
1481043882766,56,HTTP Request,200,OK,Thread Group 1-1,text,true,131543,1,1,55
1481043883766,55,HTTP Request,200,OK,Thread Group 1-1,text,true,131543,1,1,54
1481043884765,142,HTTP Request,200,OK,Thread Group 1-1,text,true,131543,1,1,142
1481043885766,56,HTTP Request,200,OK,Thread Group 1-1,text,true,131543,1,1,55
1481043886765,45,HTTP Request,200,OK,Thread Group 1-1,text,true,131738,1,1,44
1481043887765,202,HTTP Request,200,OK,Thread Group 1-1,text,true,131738,1,1,198
1481043888766,61,HTTP Request,200,OK,Thread Group 1-1,text,true,132203,1,1,60
1481043889766,63,HTTP Request,200,OK,Thread Group 1-1,text,true,132400,1,1,62
1481043890766,61,HTTP Request,200,OK,Thread Group 1-1,text,true,132592,1,1,59
1481043891766,88,HTTP Request,200,OK,Thread Group 1-1,text,true,132592,1,1,88
1481043892766,63,HTTP Request,200,OK,Thread Group 1-1,text,true,132592,1,1,55
1481043893766,28,HTTP Request,200,OK,Thread Group 1-1,text,true,132788,1,1,27
1481043894766,61,HTTP Request,200,OK,Thread Group 1-1,text,true,132788,1,1,60
1481043895766,81,HTTP Request,200,OK,Thread Group 1-1,text,true,132788,1,1,79
1481043896767,43,HTTP Request,200,OK,Thread Group 1-1,text,true,132788,1,1,43
1481043897767,62,HTTP Request,200,OK,Thread Group 1-1,text,true,132788,1,1,60
1481043898766,28,HTTP Request,200,OK,Thread Group 1-1,text,true,132788,1,1,27
1481043899767,149,HTTP Request,200,OK,Thread Group 1-1,text,true,133716,1,1,148
1481043900767,65,HTTP Request,200,OK,Thread Group 1-1,text,true,133926,1,1,65
1481043901766,71,HTTP Request,200,OK,Thread Group 1-1,text,true,133926,1,1,55
1481043902766,51,HTTP Request,200,OK,Thread Group 1-1,text,true,134130,1,1,50
1481043903766,42,HTTP Request,200,OK,Thread Group 1-1,text,true,134131,1,1,41
1481043904766,167,HTTP Request,200,OK,Thread Group 1-1,text,true,134733,1,1,164
1481043905766,66,HTTP Request,200,OK,Thread Group 1-1,text,true,134734,1,1,64
1481043906767,29,HTTP Request,200,OK,Thread Group 1-1,text,true,134734,1,1,28
1481043907767,37,HTTP Request,200,OK,Thread Group 1-1,text,true,134734,1,1,36
1481043908766,231,HTTP Request,200,OK,Thread Group 1-1,text,true,134734,1,1,231
1481043909767,33,HTTP Request,200,OK,Thread Group 1-1,text,true,137200,1,1,32
1481043910767,65,HTTP Request,200,OK,Thread Group 1-1,text,true,137201,1,1,64
1481043911767,56,HTTP Request,200,OK,Thread Group 1-1,text,true,137201,1,1,46
1481043912766,81,HTTP Request,200,OK,Thread Group 1-1,text,true,137396,1,1,81
1481043913767,73,HTTP Request,200,OK,Thread Group 1-1,text,true,137589,1,1,72
1481043914767,53,HTTP Request,200,OK,Thread Group 1-1,text,true,137589,1,1,52
1481043915767,76,HTTP Request,200,OK,Thread Group 1-1,text,true,137589,1,1,75
1481043916766,59,HTTP Request,200,OK,Thread Group 1-1,text,true,137590,1,1,59
1481043917766,51,HTTP Request,200,OK,Thread Group 1-1,text,true,137590,1,1,51
1481043918766,152,HTTP Request,200,OK,Thread Group 1-1,text,true,137590,1,1,151
1481043919766,71,HTTP Request,200,OK,Thread Group 1-1,text,true,138064,1,1,68
1481043920765,40,HTTP Request,200,OK,Thread Group 1-1,text,true,138064,1,1,39
1481043921766,32,HTTP Request,200,OK,Thread Group 1-1,text,true,138064,1,1,31
1481043922766,81,HTTP Request,200,OK,Thread Group 1-1,text,true,138064,1,1,79
1481043923765,113,HTTP Request,200,OK,Thread Group 1-1,text,true,138064,1,1,112
1481043924766,71,HTTP Request,200,OK,Thread Group 1-1,text,true,138064,1,1,70
1481043925765,72,HTTP Request,200,OK,Thread Group 1-1,text,true,138064,1,1,71
1481043926767,32,HTTP Request,200,OK,Thread Group 1-1,text,true,138064,1,1,32
1481043927767,83,HTTP Request,200,OK,Thread Group 1-1,text,true,138064,1,1,76
1481043928766,88,HTTP Request,200,OK,Thread Group 1-1,text,true,138263,1,1,87
1481043929767,63,HTTP Request,200,OK,Thread Group 1-1,text,true,138263,1,1,62
1481043930767,67,HTTP Request,200,OK,Thread Group 1-1,text,true,138263,1,1,66
1481043931767,52,HTTP Request,200,OK,Thread Group 1-1,text,true,138263,1,1,47
1481043932767,88,HTTP Request,200,OK,Thread Group 1-1,text,true,138263,1,1,64
1481043933767,54,HTTP Request,200,OK,Thread Group 1-1,text,true,138263,1,1,53
1481043934767,60,HTTP Request,200,OK,Thread Group 1-1,text,true,138263,1,1,59
1481043935767,64,HTTP Request,200,OK,Thread Group 1-1,text,true,138263,1,1,63
1481043936767,45,HTTP Request,200,OK,Thread Group 1-1,text,true,138263,1,1,44
1481043937767,26,HTTP Request,200,OK,Thread Group 1-1,text,true,138263,1,1,26
1481043938767,211,HTTP Request,200,OK,Thread Group 1-1,text,true,138263,1,1,210
1481043939766,314,HTTP Request,200,OK,Thread Group 1-1,text,true,138263,1,1,314
1481043940766,63,HTTP Request,200,OK,Thread Group 1-1,text,true,138263,1,1,62
1481043941767,45,HTTP Request,200,OK,Thread Group 1-1,text,true,138263,1,1,43
1481043942767,62,HTTP Request,200,OK,Thread Group 1-1,text,true,138263,1,1,62
1481043943767,75,HTTP Request,200,OK,Thread Group 1-1,text,true,138263,1,1,75
1481043944767,35,HTTP Request,200,OK,Thread Group 1-1,text,true,138477,1,1,33
1481043945767,65,HTTP Request,200,OK,Thread Group 1-1,text,true,138477,1,1,63
1481043946766,53,HTTP Request,200,OK,Thread Group 1-1,text,true,138477,1,1,39
1481043947767,59,HTTP Request,200,OK,Thread Group 1-1,text,true,138477,1,1,52
1481043948766,79,HTTP Request,200,OK,Thread Group 1-1,text,true,138477,1,1,77
1481043949767,70,HTTP Request,200,OK,Thread Group 1-1,text,true,138477,1,1,59
1481043950767,84,HTTP Request,200,OK,Thread Group 1-1,text,true,138477,1,1,82
1481043951767,61,HTTP Request,200,OK,Thread Group 1-1,text,true,138477,1,1,61
1481043952766,55,HTTP Request,200,OK,Thread Group 1-1,text,true,138477,1,1,54
1481043953766,146,HTTP Request,200,OK,Thread Group 1-1,text,true,138477,1,1,145
1481043954767,60,HTTP Request,200,OK,Thread Group 1-1,text,true,139801,1,1,59
1481043955767,73,HTTP Request,200,OK,Thread Group 1-1,text,true,139801,1,1,72
1481043956765,75,HTTP Request,200,OK,Thread Group 1-1,text,true,139801,1,1,70
1481043957766,557,HTTP Request,200,OK,Thread Group 1-1,text,true,139802,1,1,313
1481043958766,75,HTTP Request,200,OK,Thread Group 1-1,text,true,139802,1,1,74
1481043959766,70,HTTP Request,200,OK,Thread Group 1-1,text,true,139802,1,1,68
1481043960765,30,HTTP Request,200,OK,Thread Group 1-1,text,true,139802,1,1,29
1481043961766,108,HTTP Request,200,OK,Thread Group 1-1,text,true,140200,1,1,108
1481043962765,414,HTTP Request,200,OK,Thread Group 1-1,text,true,140201,1,1,388
1481043963765,65,HTTP Request,200,OK,Thread Group 1-1,text,true,141040,1,1,55
1481043964765,330,HTTP Request,200,OK,Thread Group 1-1,text,true,142227,1,1,329
1481043965765,38,HTTP Request,200,OK,Thread Group 1-1,text,true,143092,1,1,38
1481043966767,44,HTTP Request,200,OK,Thread Group 1-1,text,true,143375,1,1,44
1481043967767,170,HTTP Request,200,OK,Thread Group 1-1,text,true,143375,1,1,159
1481043968766,74,HTTP Request,200,OK,Thread Group 1-1,text,true,143697,1,1,73
1481043969767,47,HTTP Request,200,OK,Thread Group 1-1,text,true,144292,1,1,45
1481043970766,35,HTTP Request,200,OK,Thread Group 1-1,text,true,145348,1,1,34
1481043971766,48,HTTP Request,200,OK,Thread Group 1-1,text,true,145349,1,1,48
1481043972767,83,HTTP Request,200,OK,Thread Group 1-1,text,true,145349,1,1,83
1481043973766,83,HTTP Request,200,OK,Thread Group 1-1,text,true,145349,1,1,81
1481043974766,215,HTTP Request,200,OK,Thread Group 1-1,text,true,145549,1,1,215
1481043975767,77,HTTP Request,200,OK,Thread Group 1-1,text,true,146200,1,1,63
1481043976766,60,HTTP Request,200,OK,Thread Group 1-1,text,true,146200,1,1,53
1481043977767,58,HTTP Request,200,OK,Thread Group 1-1,text,true,146596,1,1,57
1481043978767,76,HTTP Request,200,OK,Thread Group 1-1,text,true,146808,1,1,72
1481043979767,121,HTTP Request,200,OK,Thread Group 1-1,text,true,146809,1,1,120
1481043980767,369,HTTP Request,200,OK,Thread Group 1-1,text,true,147006,1,1,365
1481043981766,33,HTTP Request,200,OK,Thread Group 1-1,text,true,147006,1,1,33
1481043982767,368,HTTP Request,200,OK,Thread Group 1-1,text,true,149542,1,1,341
1481043983767,75,HTTP Request,200,OK,Thread Group 1-1,text,true,149542,1,1,74
1481043984767,71,HTTP Request,200,OK,Thread Group 1-1,text,true,149543,1,1,36
1481043985766,183,HTTP Request,200,OK,Thread Group 1-1,text,true,151409,1,1,183
1481043986766,27,HTTP Request,200,OK,Thread Group 1-1,text,true,151604,1,1,27
1481043987766,102,HTTP Request,200,OK,Thread Group 1-1,text,true,151604,1,1,80
1481043988765,117,HTTP Request,200,OK,Thread Group 1-1,text,true,151604,1,1,116
1481043989766,67,HTTP Request,200,OK,Thread Group 1-1,text,true,151604,1,1,66
1481043990766,69,HTTP Request,200,OK,Thread Group 1-1,text,true,151604,1,1,68
1481043991766,54,HTTP Request,200,OK,Thread Group 1-1,text,true,151604,1,1,54
1481043992765,32,HTTP Request,200,OK,Thread Group 1-1,text,true,151604,1,1,32
1481043993766,72,HTTP Request,200,OK,Thread Group 1-1,text,true,151604,1,1,71
1481043994765,44,HTTP Request,200,OK,Thread Group 1-1,text,true,151604,1,1,43
1481043995766,42,HTTP Request,200,OK,Thread Group 1-1,text,true,151604,1,1,41
1481043996766,178,HTTP Request,200,OK,Thread Group 1-1,text,true,152079,1,1,177
1481043997767,28,HTTP Request,200,OK,Thread Group 1-1,text,true,152692,1,1,28
1481043998767,31,HTTP Request,200,OK,Thread Group 1-1,text,true,154011,1,1,30
1481043999766,37,HTTP Request,200,OK,Thread Group 1-1,text,true,154670,1,1,37
1481044000767,74,HTTP Request,200,OK,Thread Group 1-1,text,true,154670,1,1,69
1481044001766,130,HTTP Request,200,OK,Thread Group 1-1,text,true,154674,1,1,130
1481044002767,77,HTTP Request,200,OK,Thread Group 1-1,text,true,154867,1,1,75
1481044003767,68,HTTP Request,200,OK,Thread Group 1-1,text,true,154867,1,1,67
1481044004767,63,HTTP Request,200,OK,Thread Group 1-1,text,true,154867,1,1,63
1481044005767,76,HTTP Request,200,OK,Thread Group 1-1,text,true,154867,1,1,76
1481044006766,47,HTTP Request,200,OK,Thread Group 1-1,text,true,154867,1,1,47
1481044007766,538,HTTP Request,200,OK,Thread Group 1-1,text,true,154867,1,1,537
1481044008767,85,HTTP Request,200,OK,Thread Group 1-1,text,true,154867,1,1,82
1481044009767,343,HTTP Request,200,OK,Thread Group 1-1,text,true,154867,1,1,342
1481044010767,80,HTTP Request,200,OK,Thread Group 1-1,text,true,155461,1,1,79
1481044011767,470,HTTP Request,200,OK,Thread Group 1-1,text,true,155461,1,1,274
1481044012767,517,HTTP Request,200,OK,Thread Group 1-1,text,true,155461,1,1,516
1481044013766,76,HTTP Request,200,OK,Thread Group 1-1,text,true,157165,1,1,75
1481044014767,32,HTTP Request,200,OK,Thread Group 1-1,text,true,157619,1,1,32
1481044015767,108,HTTP Request,200,OK,Thread Group 1-1,text,true,157619,1,1,108
1481044016766,42,HTTP Request,200,OK,Thread Group 1-1,text,true,157620,1,1,41
1481044017765,72,HTTP Request,200,OK,Thread Group 1-1,text,true,157620,1,1,72
1481044018765,98,HTTP Request,200,OK,Thread Group 1-1,text,true,157620,1,1,97
1481044019766,68,HTTP Request,200,OK,Thread Group 1-1,text,true,157620,1,1,67
1481044020766,79,HTTP Request,200,OK,Thread Group 1-1,text,true,157620,1,1,78
1481044021765,31,HTTP Request,200,OK,Thread Group 1-1,text,true,157620,1,1,31
1481044022766,290,HTTP Request,200,OK,Thread Group 1-1,text,true,157620,1,1,289
1481044023765,94,HTTP Request,200,OK,Thread Group 1-1,text,true,157620,1,1,78
1481044024765,68,HTTP Request,200,OK,Thread Group 1-1,text,true,157620,1,1,67
1481044025766,78,HTTP Request,200,OK,Thread Group 1-1,text,true,157620,1,1,77
1481044026767,90,HTTP Request,200,OK,Thread Group 1-1,text,true,157620,1,1,85
1481044027767,56,HTTP Request,200,OK,Thread Group 1-1,text,true,157620,1,1,55
1481044028767,148,HTTP Request,200,OK,Thread Group 1-1,text,true,157814,1,1,148
1481044029767,89,HTTP Request,200,OK,Thread Group 1-1,text,true,158615,1,1,88
1481044030766,57,HTTP Request,200,OK,Thread Group 1-1,text,true,158615,1,1,56
1481044031767,47,HTTP Request,200,OK,Thread Group 1-1,text,true,158615,1,1,46
1481044032766,33,HTTP Request,200,OK,Thread Group 1-1,text,true,158615,1,1,32
1481044033767,63,HTTP Request,200,OK,Thread Group 1-1,text,true,158615,1,1,63
1481044034766,159,HTTP Request,200,OK,Thread Group 1-1,text,true,163157,1,1,158
1481044035767,76,HTTP Request,200,OK,Thread Group 1-1,text,true,164015,1,1,75
1481044036767,63,HTTP Request,200,OK,Thread Group 1-1,text,true,164213,1,1,63
1481044037767,102,HTTP Request,200,OK,Thread Group 1-1,text,true,164450,1,1,101
1481044038767,294,HTTP Request,200,OK,Thread Group 1-1,text,true,164451,1,1,294
1481044039767,70,HTTP Request,200,OK,Thread Group 1-1,text,true,164959,1,1,70
1481044040766,84,HTTP Request,200,OK,Thread Group 1-1,text,true,164959,1,1,83
1481044041767,34,HTTP Request,200,OK,Thread Group 1-1,text,true,164960,1,1,34
1481044042767,65,HTTP Request,200,OK,Thread Group 1-1,text,true,164960,1,1,53
1481044043767,38,HTTP Request,200,OK,Thread Group 1-1,text,true,164960,1,1,38
1481044044766,108,HTTP Request,200,OK,Thread Group 1-1,text,true,165167,1,1,107
1481044045767,47,HTTP Request,200,OK,Thread Group 1-1,text,true,165379,1,1,46
1481044046765,166,HTTP Request,200,OK,Thread Group 1-1,text,true,165820,1,1,165
1481044047765,65,HTTP Request,200,OK,Thread Group 1-1,text,true,165821,1,1,64
1481044048765,73,HTTP Request,200,OK,Thread Group 1-1,text,true,165823,1,1,72
1481044049765,361,HTTP Request,200,OK,Thread Group 1-1,text,true,165823,1,1,361
1481044050766,77,HTTP Request,200,OK,Thread Group 1-1,text,true,166215,1,1,77
1481044051766,451,HTTP Request,200,OK,Thread Group 1-1,text,true,166649,1,1,451
1481044052766,377,HTTP Request,200,OK,Thread Group 1-1,text,true,171838,1,1,258
1481044053766,342,HTTP Request,200,OK,Thread Group 1-1,text,true,171841,1,1,342
1481044054766,64,HTTP Request,200,OK,Thread Group 1-1,text,true,173216,1,1,63
1481044055765,77,HTTP Request,200,OK,Thread Group 1-1,text,true,173853,1,1,77
1481044056766,55,HTTP Request,200,OK,Thread Group 1-1,text,true,173853,1,1,55
1481044057766,821,HTTP Request,200,OK,Thread Group 1-1,text,true,173854,1,1,820
1481044058766,36,HTTP Request,200,OK,Thread Group 1-1,text,true,173854,1,1,35
1481044059765,35,HTTP Request,200,OK,Thread Group 1-1,text,true,173854,1,1,35
1481044060766,77,HTTP Request,200,OK,Thread Group 1-1,text,true,173854,1,1,76
1481044061767,171,HTTP Request,200,OK,Thread Group 1-1,text,true,173854,1,1,161
1481044062767,100,HTTP Request,200,OK,Thread Group 1-1,text,true,173854,1,1,90
1481044063767,42,HTTP Request,200,OK,Thread Group 1-1,text,true,174654,1,1,34
1481044064767,32,HTTP Request,200,OK,Thread Group 1-1,text,true,174856,1,1,31
1481044065767,86,HTTP Request,200,OK,Thread Group 1-1,text,true,174856,1,1,84
1481044066767,47,HTTP Request,200,OK,Thread Group 1-1,text,true,174857,1,1,46
1481044067766,69,HTTP Request,200,OK,Thread Group 1-1,text,true,174857,1,1,69
1481044068767,91,HTTP Request,200,OK,Thread Group 1-1,text,true,174857,1,1,89
1481044069767,80,HTTP Request,200,OK,Thread Group 1-1,text,true,174857,1,1,79
1481044070767,79,HTTP Request,200,OK,Thread Group 1-1,text,true,174857,1,1,78
1481044071766,90,HTTP Request,200,OK,Thread Group 1-1,text,true,174857,1,1,84
1481044072767,232,HTTP Request,200,OK,Thread Group 1-1,text,true,174857,1,1,228
1481044073766,639,HTTP Request,200,OK,Thread Group 1-1,text,true,174857,1,1,638
1481044074767,69,HTTP Request,200,OK,Thread Group 1-1,text,true,174857,1,1,68
1481044075766,48,HTTP Request,200,OK,Thread Group 1-1,text,true,174857,1,1,48
1481044076766,49,HTTP Request,200,OK,Thread Group 1-1,text,true,175069,1,1,46
1481044077766,1021,HTTP Request,200,OK,Thread Group 1-1,text,true,175069,1,1,990
1481044078788,32,HTTP Request,200,OK,Thread Group 1-1,text,true,175069,1,1,31
1481044079787,385,HTTP Request,200,OK,Thread Group 1-1,text,true,176286,1,1,384
1481044080787,76,HTTP Request,200,OK,Thread Group 1-1,text,true,176491,1,1,76
1481044081788,263,HTTP Request,200,OK,Thread Group 1-1,text,true,176492,1,1,85
1481044082787,340,HTTP Request,200,OK,Thread Group 1-1,text,true,176705,1,1,340
1481044083788,87,HTTP Request,200,OK,Thread Group 1-1,text,true,176705,1,1,85
1481044084788,42,HTTP Request,200,OK,Thread Group 1-1,text,true,176705,1,1,40
1481044085788,51,HTTP Request,200,OK,Thread Group 1-1,text,true,178142,1,1,51
1481044086787,54,HTTP Request,200,OK,Thread Group 1-1,text,true,178142,1,1,54
1481044087788,71,HTTP Request,200,OK,Thread Group 1-1,text,true,178144,1,1,71
1481044088788,103,HTTP Request,200,OK,Thread Group 1-1,text,true,178145,1,1,94
1481044089788,73,HTTP Request,200,OK,Thread Group 1-1,text,true,178145,1,1,73
1481044090787,99,HTTP Request,200,OK,Thread Group 1-1,text,true,178145,1,1,98
1481044091789,98,HTTP Request,200,OK,Thread Group 1-1,text,true,178145,1,1,98
1481044092789,33,HTTP Request,200,OK,Thread Group 1-1,text,true,178145,1,1,33
1481044093788,257,HTTP Request,200,OK,Thread Group 1-1,text,true,178145,1,1,257
1481044094789,52,HTTP Request,200,OK,Thread Group 1-1,text,true,178354,1,1,52
